3952,2000,Drama|Thriller
3597,2000,Comedy
3646,2000,Comedy
3239,2000,Comedy
3624,2000,Action
3623,2000,Action|Thriller
3618,2000,Comedy
3617,2000,Comedy
3616,2000,Comedy|Romance
3615,2000,Animation|Children's
3598,2000,Drama
3596,2000,Comedy
3717,2000,Action|Crime
3595,2000,Comedy
3594,2000,Drama
3593,2000,Action|Sci-Fi
3582,2000,Drama
3580,2000,Drama
3579,2000,Drama
3578,2000,Action|Drama
3273,2000,Horror|Mystery|Thriller
3276,2000,Comedy
3647,2000,Drama
3225,2000,Comedy|Romance
3566,2000,Comedy|Drama
3755,2000,Action|Adventure|Thriller
3797,2000,Thriller
3796,2000,Romance|Thriller
3794,2000,Comedy|Drama
3793,2000,Action|Sci-Fi
3790,2000,Drama
3785,2000,Comedy|Horror
3784,2000,Comedy
3321,2000,Comedy
3756,2000,Drama
3754,2000,Animation|Children's|Comedy
3719,2000,Comedy|Romance
3753,2000,Action|Drama|War
3752,2000,Comedy
3751,2000,Animation|Children's|Comedy
3750,2000,Drama
3746,2000,Drama|War
3745,2000,Adventure|Animation|Sci-Fi
3744,2000,Action|Crime
3743,2000,Comedy|Romance
3190,2000,Adventure|Sci-Fi
3571,2000,Drama
3565,2000,Comedy|Drama
3799,2000,Animation|Children's
3316,2000,Action|Thriller
3298,2000,Drama
3299,2000,Comedy|Drama
3454,2000,Comedy|Romance
3453,2000,Drama|Romance
3452,2000,Action|Romance
3300,2000,Action|Sci-Fi
3301,2000,Comedy|Crime
3409,2000,Drama|Thriller
3408,2000,Drama
3317,2000,Comedy|Drama
3481,2000,Comedy
3356,2000,Documentary
3355,2000,Thriller
3354,2000,Sci-Fi
3353,2000,Comedy|Romance
3327,2000,Documentary
3326,2000,Comedy|Sci-Fi
3325,2000,Comedy|Drama
3324,2000,Comedy
3323,2000,Comedy|Crime
3291,2000,Thriller
3482,2000,Drama
3564,2000,Children's|Comedy
3537,2000,Comedy|Drama
3563,2000,Action|Horror
3562,2000,Comedy|Drama
3555,2000,Action|Thriller
3554,2000,Drama|Romance
3553,2000,Drama|Thriller
3285,2000,Adventure|Drama
3286,2000,Comedy
3539,2000,Documentary
3287,2000,Animation|Children's
3536,2000,Comedy|Romance
3483,2000,Animation|Children's
3535,2000,Comedy|Horror|Thriller
3534,2000,Comedy
3515,2000,Comedy
3514,2000,Drama
3513,2000,Drama|Thriller
3512,2000,Drama|Romance
3511,2000,Comedy
3510,2000,Drama|Thriller
3484,2000,Thriller
3798,2000,Thriller
3322,2000,Comedy
3903,2000,Drama
3884,2000,Comedy
3905,2000,Comedy
3882,2000,Comedy
3830,2000,Comedy|Horror|Thriller
3831,2000,Comedy
3904,2000,Drama
3862,2000,Comedy
3861,2000,Comedy
3901,2000,Comedy|Drama
3900,2000,Comedy|Drama
3859,2000,Documentary
3899,2000,Comedy
3851,2000,Comedy
3852,2000,Comedy
3898,2000,Action|Comedy
3897,2000,Comedy|Drama
3896,2000,Crime|Thriller
3895,2000,Crime|Thriller
3858,2000,Comedy
3883,2000,Comedy|Drama
3893,2000,Comedy|Thriller
3892,2000,Horror
3891,2000,Crime|Drama
3890,2000,Documentary
3889,2000,Action|Adventure|Fantasy
3888,2000,Drama|Romance
3857,2000,Thriller
3886,2000,Drama
3906,2000,Crime
3863,2000,Sci-Fi|Thriller
3829,2000,Comedy|Romance
3908,2000,Horror
3951,2000,Drama
3950,2000,Drama
3949,2000,Drama
3948,2000,Comedy
3946,2000,Action|Drama|Thriller
3820,2000,Children's
3879,2000,Action
3945,2000,Adventure|Animation|Children's
3944,2000,Comedy|Drama
3821,2000,Comedy
3943,2000,Comedy
3916,2000,Drama
3880,2000,Documentary
3915,2000,Drama
3914,2000,Drama
3866,2000,Comedy
3865,2000,Comedy|Documentary
3912,2000,Comedy|Drama
3881,2000,Documentary
3911,2000,Comedy
3910,2000,Drama|Musical
3824,2000,Drama|Romance
3825,2000,Drama
3826,2000,Horror|Sci-Fi|Thriller
3909,2000,Comedy|Romance
3827,2000,Action|Sci-Fi
3885,2000,Comedy|Romance
2805,1999,Comedy|Romance
3010,1999,Drama
2894,1999,Drama|Romance
3050,1999,Drama
2774,1999,Comedy|Romance
3051,1999,Drama
2772,1999,Comedy
3052,1999,Comedy
2807,1999,Action|Sci-Fi
2771,1999,Drama
2770,1999,Comedy
3053,1999,Drama|War
2769,1999,Crime|Mystery
3055,1999,Thriller
2763,1999,Action|Thriller
2762,1999,Thriller
2761,1999,Animation|Children's
2759,1999,Comedy
2806,1999,Comedy|Thriller
2824,1999,Documentary
2809,1999,Comedy
2812,1999,Action|Thriller
2844,1999,Drama|Mystery
2965,1999,Action
2845,1999,Drama
2858,1999,Comedy|Drama
2860,1999,Comedy
2964,1999,Drama
2861,1999,Comedy|Drama
2963,1999,Crime|Drama
2961,1999,Comedy|Drama
2865,1999,Comedy
2881,1999,Action|Thriller
2960,1999,Drama
2959,1999,Drama
2882,1999,Drama
2883,1999,Comedy
2885,1999,Drama|Romance
2914,1999,Comedy|Drama
2912,1999,Action|Crime|Drama
2886,1999,Children's|Comedy
2908,1999,Drama
2887,1999,Drama
2907,1999,Comedy
2888,1999,Comedy|Romance
2889,1999,Comedy
2890,1999,Drama|War
2891,1999,Comedy
2893,1999,Action|Drama
2966,1999,Drama
2842,1999,Crime|Drama
2974,1999,Horror|Thriller
2827,1999,Sci-Fi|Thriller
3007,1999,Documentary
3006,1999,Drama
2813,1999,Documentary
3005,1999,Thriller
2906,1999,Drama|Romance
3004,1999,Comedy|Romance
3002,1999,Documentary
2826,1999,Action|Horror|Thriller
3001,1999,Drama
2999,1999,Comedy
2997,1999,Comedy
2996,1999,Drama
2995,1999,Horror
2841,1999,Thriller
2979,1999,Drama
2978,1999,Comedy|Romance
2828,1999,Children's|Comedy
2829,1999,Comedy|Drama
2831,1999,Drama
2977,1999,Comedy|Drama
2976,1999,Drama|Horror
2832,1999,Drama
2835,1999,Action|Thriller
2975,1999,Drama
2836,1999,Comedy
2840,1999,Thriller
2864,1999,Comedy
2679,1999,Drama|Romance
2725,1999,Drama
2724,1999,Comedy|Romance
2548,1999,Horror
2549,1999,Action|Sci-Fi
2555,1999,Comedy
2558,1999,Comedy|Romance
2559,1999,Animation|Children's
2560,1999,Drama|Horror
2561,1999,Crime|Thriller
2564,1999,Drama
2566,1999,Animation|Children's
2567,1999,Comedy
2568,1999,Action|Crime
2570,1999,Drama|Romance
2571,1999,Action|Sci-Fi|Thriller
2572,1999,Comedy|Romance
2574,1999,Comedy
2580,1999,Crime
2581,1999,Comedy|Romance
2583,1999,Mystery
2584,1999,Comedy
2586,1999,Comedy|Crime|Thriller
2587,1999,Comedy
2546,1999,Drama
2541,1999,Drama
2540,1999,Action|Crime|Drama|Thriller
2497,1999,Romance
2445,1999,Drama
2446,1999,Thriller
2447,1999,Comedy|Drama
2448,1999,Horror|Sci-Fi
2479,1999,Drama|Thriller
2485,1999,Comedy|Romance
2490,1999,Action|Thriller
2491,1999,Comedy|Romance
2496,1999,Comedy|Romance
2498,1999,Comedy|Sci-Fi
2539,1999,Comedy
2500,1999,Comedy
2501,1999,Drama
2502,1999,Comedy|Romance
2504,1999,Comedy|Drama
2505,1999,Thriller
2506,1999,Comedy|Drama|Romance
2507,1999,Comedy
2508,1999,Drama
2510,1999,Comedy|Romance
2589,1999,Comedy|Drama|Romance
2592,1999,Drama
2235,1999,Drama|War
2710,1999,Horror
2689,1999,Documentary
2690,1999,Comedy
2694,1999,Comedy
2700,1999,Animation|Comedy
2701,1999,Action|Sci-Fi|Western
2702,1999,Drama
2706,1999,Comedy
2707,1999,Thriller
2709,1999,Children's|Comedy
2711,1999,Drama
2687,1999,Animation|Children's
2712,1999,Drama
2713,1999,Horror|Thriller
2714,1999,Drama
2718,1999,Comedy
2719,1999,Horror|Thriller
2720,1999,Action|Adventure|Children's|Comedy
2721,1999,Romance
2722,1999,Action|Sci-Fi|Thriller
2723,1999,Action|Adventure|Comedy
2688,1999,Drama|Thriller
2684,1999,Comedy|Drama
2597,1999,Comedy|Romance
2623,1999,Comedy
2598,1999,Comedy
2599,1999,Comedy
2600,1999,Action|Sci-Fi|Thriller
2605,1999,Crime|Thriller
2606,1999,Comedy|Horror
2610,1999,Drama
2617,1999,Action|Adventure|Horror|Thriller
2619,1999,Drama
2622,1999,Comedy|Fantasy
2628,1999,Action|Adventure|Fantasy|Sci-Fi
2683,1999,Comedy
2629,1999,Comedy|Romance
2671,1999,Comedy|Romance
2672,1999,Drama|Sci-Fi|Thriller
2674,1999,Drama
2676,1999,Drama|Thriller
2677,1999,Documentary
2678,1999,Drama
3057,1999,Comedy
2682,1999,Drama
3056,1999,Thriller
2436,1999,Comedy
3894,1999,Drama
3193,1999,Documentary
3278,1999,Documentary
3625,1999,Documentary
3277,1999,Drama
3275,1999,Action|Comedy
3626,1999,Comedy
3823,1999,Drama
3241,1999,Comedy
3240,1999,Comedy
3238,1999,Thriller
3822,1999,Drama|Romance
3228,1999,Comedy
3226,1999,Documentary
3666,1999,Horror|Sci-Fi|Thriller
3176,1999,Drama|Mystery|Thriller
3800,1999,Drama|Romance
3189,1999,Comedy
3718,1999,Documentary
3186,1999,Drama
3185,1999,Drama
3183,1999,Drama
3902,1999,Drama
3182,1999,Documentary
3181,1999,Drama
3180,1999,Comedy|Drama
3179,1999,Drama
3178,1999,Drama
3279,1999,Action|Adventure
3581,1999,Drama
3867,1999,Drama
3288,1999,Drama
3540,1999,Romance|Thriller
3538,1999,Comedy
3854,1999,Drama|Romance
3855,1999,Drama|Romance
3856,1999,Drama
3509,1999,Drama
3457,1999,Drama
3456,1999,Drama
3455,1999,Drama|Thriller
3556,1999,Comedy|Drama
3410,1999,Comedy|Drama
3407,1999,Comedy|Drama
3567,1999,Comedy
3357,1999,Drama|Romance
3328,1999,Crime|Drama
3320,1999,Comedy|Romance
3568,1999,Drama
3319,1999,Drama
3303,1999,Documentary
3570,1999,Drama
3860,1999,Crime
3302,1999,Comedy
3864,1999,Action|Adventure|Sci-Fi
3290,1999,Comedy
3289,1999,Drama
3177,1999,Comedy
3541,1999,Action
3175,1999,Adventure|Comedy|Sci-Fi
3155,1999,Drama|Romance
3722,1999,Comedy
3149,1999,Mystery
3148,1999,Drama
3147,1999,Drama|Thriller
3146,1999,Comedy
3145,1999,Drama
3174,1999,Comedy|Drama
3128,1999,Drama
3127,1999,Drama
3125,1999,Drama
3124,1999,Comedy|Drama
3118,1999,Drama
3117,1999,Drama|Romance|War
3795,1999,Drama
3116,1999,Drama
3747,1999,Drama
3115,1999,Drama
3114,1999,Animation|Children's|Comedy
3748,1999,Comedy|Romance
3113,1999,Action|Thriller
3084,1999,Documentary
3083,1999,Comedy|Drama
3082,1999,Action|Thriller
3749,1999,Drama
3081,1999,Horror|Romance
3787,1999,Comedy
3079,1999,Drama
3078,1999,Drama
3786,1999,Comedy
3150,1999,Drama
3129,1999,Comedy|Drama
3156,1999,Comedy|Drama|Sci-Fi
3157,1999,Children's|Comedy
3173,1999,Drama
3907,1999,Drama
3163,1999,Drama
3162,1999,Comedy|Drama
3161,1999,Drama
3160,1999,Drama
3159,1999,Animation|Children's|Musical
3720,1999,Drama
3158,1999,Drama
3721,1999,Comedy
3913,1999,Documentary
1748,1998,Film-Noir|Sci-Fi|Thriller
2278,1998,Action|Crime|Thriller
1740,1998,Action|Drama
1765,1998,Crime|Drama
2295,1998,Comedy
1739,1998,Action|Children's
1738,1998,Comedy
2293,1998,Drama
2294,1998,Animation|Children's
1772,1998,Action|Comedy|Musical
2307,1998,Action|Drama
1746,1998,Comedy
1735,1998,Drama|Romance
2309,1998,Drama
2273,1998,Action|Thriller
2281,1998,Crime
1752,1998,Action|Thriller
1767,1998,Drama|Romance
1753,1998,Comedy
2272,1998,Drama
1754,1998,Action|Mystery|Thriller
2275,1998,Action|Adventure|Sci-Fi
2306,1998,Comedy
1764,1998,Comedy|Thriller
1744,1998,Action|Adventure|Thriller
2297,1998,Drama|Romance
2279,1998,Horror|Thriller
1742,1998,Crime
1756,1998,Horror
1769,1998,Action|Thriller
1770,1998,Romance|Thriller
1758,1998,Drama
2296,1998,Comedy
2298,1998,Thriller
2304,1998,Drama
2282,1998,Comedy|Drama
2276,1998,Drama
2305,1998,Drama
2280,1998,Crime
1762,1998,Action|Horror|Sci-Fi
1732,1998,Comedy|Crime|Mystery|Thriller
2435,1998,Drama
2332,1998,Crime|Drama
1727,1998,Drama
2392,1998,Comedy|Drama
2356,1998,Comedy
2357,1998,Drama
2358,1998,Drama
2359,1998,Comedy
1598,1998,Crime|Drama|Thriller
2360,1998,Drama
2384,1998,Children's|Comedy
2385,1998,Comedy|Romance
2386,1998,Drama
2387,1998,Comedy|Crime
2389,1998,Crime|Horror|Thriller
2390,1998,Comedy
2391,1998,Crime|Thriller
2393,1998,Action|Sci-Fi
2310,1998,Drama
2394,1998,Animation|Musical
2395,1998,Comedy
2396,1998,Comedy|Romance
2424,1998,Comedy|Romance
2425,1998,Crime
2426,1998,Comedy|Drama|Romance
2427,1998,Action|Drama|War
2428,1998,Horror|Sci-Fi
2429,1998,Adventure|Children's|Drama
2431,1998,Comedy|Drama
2432,1998,Drama
2433,1998,Drama
2434,1998,Drama
2355,1998,Animation|Children's|Comedy
2354,1998,Animation|Children's|Comedy
2353,1998,Action|Thriller
2343,1998,Drama
1699,1998,Drama
1682,1998,Drama
2314,1998,Drama
2315,1998,Horror|Thriller
1680,1998,Drama|Romance
2316,1998,Drama|Romance
2318,1998,Comedy
2320,1998,Drama|Thriller
1679,1998,Comedy
2321,1998,Comedy
2322,1998,Action|Adventure|Sci-Fi|Thriller|War
2323,1998,Documentary
2326,1998,Drama|Thriller
2328,1998,Horror
2329,1998,Drama
2331,1998,Comedy|Romance
2271,1998,Drama
1659,1998,Drama
2333,1998,Drama
2334,1998,Action|Thriller
2335,1998,Comedy
2336,1998,Drama
2338,1998,Horror|Mystery|Thriller
1655,1998,Horror
2339,1998,Comedy|Romance
2340,1998,Romance
2341,1998,Drama
1774,1998,Comedy|Drama
2154,1998,Drama|Romance
2237,1998,Drama
1776,1998,Drama
1836,1998,Drama
1894,1998,Adventure|Comedy|Romance
1895,1998,Comedy|Drama|Romance
1896,1998,Comedy
1897,1998,Drama|Romance
1898,1998,Drama|War
1835,1998,Romance
1899,1998,Adventure|Drama
1833,1998,Action|Drama|Thriller
1907,1998,Animation|Children's
1831,1998,Action|Sci-Fi|Thriller
1908,1998,Drama|Thriller
1909,1998,Mystery|Sci-Fi|Thriller
1911,1998,Comedy
1830,1998,Comedy
1826,1998,Adventure|Children's
1912,1998,Action|Crime|Romance
1914,1998,Comedy|Drama
1916,1998,Action|Comedy|Drama
1917,1998,Action|Adventure|Sci-Fi|Thriller
1918,1998,Action|Comedy|Crime|Drama
1919,1998,Children's|Comedy
1825,1998,Action|Drama
1920,1998,Animation|Children's|Fantasy|War
1921,1998,Sci-Fi|Thriller
1922,1998,Drama
1923,1998,Comedy
1837,1998,Comedy
1892,1998,Mystery|Thriller
1839,1998,Comedy
1873,1998,Drama
1856,1998,Documentary|Musical
1852,1998,Drama|Thriller
1850,1998,Drama|Romance
1862,1998,Horror|Sci-Fi
1863,1998,Comedy
1864,1998,Comedy
1865,1998,Documentary
1866,1998,Action|Comedy
1867,1998,Action|Adventure
1869,1998,Action|Thriller
1870,1998,Comedy|Drama
1845,1998,Comedy|Thriller
1876,1998,Action|Drama|Sci-Fi|Thriller
1840,1998,Drama
1877,1998,Drama
1878,1998,Comedy|Romance
1881,1998,Adventure|Animation|Children's|Fantasy
1882,1998,Action|Sci-Fi
1883,1998,Comedy
1884,1998,Comedy|Drama
1885,1998,Comedy|Drama
1886,1998,Comedy
1887,1998,Adventure|Comedy
1888,1998,Comedy|Drama|Romance
1843,1998,Children's|Comedy
1841,1998,Drama|Thriller
1824,1998,Comedy|Thriller
2006,1998,Action|Adventure|Romance
1822,1998,Children's|Comedy
1783,1998,Film-Noir|Mystery|Thriller
1796,1998,Action|Drama
1792,1998,Action|Thriller
2165,1998,Drama
2166,1998,Drama|Romance
1791,1998,Crime|Drama
2167,1998,Action|Adventure|Horror
2168,1998,Drama|Romance
2169,1998,Comedy
2170,1998,Action|Comedy
1787,1998,Documentary
2171,1998,Comedy|Drama|Romance
2172,1998,Comedy
2188,1998,Drama
2155,1998,Comedy
2190,1998,Drama
2195,1998,Comedy
2196,1998,Action
2198,1998,Documentary
1782,1998,Comedy|Romance
2199,1998,Crime|Drama
2231,1998,Crime|Drama
2233,1998,Drama
1779,1998,Adventure|Sci-Fi|Thriller
2234,1998,Drama
1777,1998,Comedy|Romance
2236,1998,Drama
2157,1998,Romance
1797,1998,Documentary
1821,1998,Comedy|Romance
2060,1998,Comedy
1820,1998,Drama
1817,1998,Comedy|Drama|Romance
2007,1998,Comedy
1814,1998,Drama
1812,1998,Children's|Comedy|Drama
1810,1998,Drama
2026,1998,Horror|Thriller
1807,1998,Drama
2027,1998,Comedy|Crime
2028,1998,Action|Drama|War
2058,1998,Action|Thriller
2059,1998,Children's|Drama
2062,1998,Drama|Romance
1798,1998,Thriller
2107,1998,Horror|Thriller
2125,1998,Drama|Romance
2126,1998,Action|Crime|Mystery|Thriller
2128,1998,Comedy
1806,1998,Adventure|Children's|Comedy
2152,1998,Children's|Comedy
2153,1998,Action|Adventure
1805,1998,Crime|Drama|Mystery|Thriller
1804,1998,Crime|Drama
1801,1998,Action|Drama|Romance
1854,1998,Comedy|Romance
887,1998,Drama
1855,1998,Comedy
2337,1998,Drama
2585,1998,Drama|Romance
2545,1998,Comedy
3783,1998,Crime|Drama
2673,1998,Drama
3352,1998,Drama
3318,1998,Thriller
2675,1998,Comedy|Drama|Romance
2542,1998,Comedy|Crime|Thriller
2538,1998,Documentary
2503,1998,Drama
3281,1998,Documentary
2681,1998,Comedy|Romance|Sci-Fi
2499,1998,Comedy
2685,1998,Comedy|Drama
2686,1998,Drama|Mystery
3237,1998,Documentary
3192,1998,Drama
2691,1998,Drama
2692,1998,Action|Crime|Romance
3191,1998,Drama
3188,1998,Documentary
2603,1998,Drama
3184,1998,Action|Comedy|Crime|Drama
2696,1998,Comedy
2697,1998,Comedy|Drama|Romance
2494,1998,Documentary
2703,1998,Drama
2492,1998,Comedy
2705,1998,Drama
3876,1998,Drama
2489,1998,Drama
2544,1998,Drama
2547,1998,Drama
2708,1998,Romance
2556,1998,Comedy|Drama|Romance
2607,1998,Drama
3411,1998,Drama
2608,1998,Thriller
3887,1998,Drama
2601,1998,Comedy
2596,1998,Comedy|Drama
2595,1998,Documentary
3569,1998,Comedy|Drama
2611,1998,Drama
2591,1998,Comedy|Romance
2590,1998,Drama
2588,1998,Drama
2579,1998,Drama
3609,1998,Documentary
2620,1998,Drama|Romance
3631,1998,Comedy
2621,1998,Drama|Romance
2624,1998,Drama
3636,1998,Drama
2575,1998,Drama
3665,1998,Horror|Sci-Fi|Thriller
2626,1998,Comedy|Drama|Romance
2627,1998,Documentary|Drama
2573,1998,Drama
2569,1998,Drama|Romance
2630,1998,Drama
2563,1998,Drama
2631,1998,Comedy|Film-Noir|Thriller
2557,1998,Drama
2487,1998,Action|Comedy
3187,1998,Drama
2604,1998,Documentary
2910,1998,Drama|Romance
2440,1998,Drama
2930,1998,Documentary
2825,1998,Drama
3003,1998,Comedy|Drama
2913,1998,Comedy
2911,1998,Drama
2441,1998,Drama|Western
2442,1998,Drama
3054,1998,Animation|Children's
2443,1998,Drama|Romance
2830,1998,Drama
2482,1998,Comedy|Romance
2909,1998,Documentary
2834,1998,Comedy|Romance
2837,1998,Comedy|Romance
2838,1998,Comedy
2839,1998,Drama
2843,1998,Comedy|Romance
2892,1998,Action|Drama
2884,1998,Comedy|Romance
3008,1998,Thriller
2873,1998,Drama|Mystery|Romance
2481,1998,Drama|Romance
2811,1998,Comedy
2998,1998,Romance
2768,1998,Comedy
3828,1998,Comedy
2775,1998,Drama
2438,1998,Drama|Thriller
2767,1998,Comedy
2766,1998,Comedy|Drama
2484,1998,Comedy
3077,1998,Documentary
3839,1998,Horror
2765,1998,Comedy|Drama
3080,1998,Drama|Sci-Fi
2715,1998,Comedy|Romance
3853,1998,Drama
2994,1998,Drama
2958,1998,Drama
2486,1998,Drama
2773,1998,Drama
1590,1997,Action|Mystery|Sci-Fi|Thriller
1602,1997,Comedy
1601,1997,Crime|Drama|Film-Noir
1861,1997,Comedy|Thriller
1591,1997,Action|Adventure|Sci-Fi|Thriller
1597,1997,Action|Mystery|Romance|Thriller
1600,1997,Drama|Romance
1592,1997,Children's|Comedy
1593,1997,Comedy|Romance
1594,1997,Drama
1599,1997,Action
3000,1997,Action|Adventure|Animation
1556,1997,Action|Romance|Thriller
1055,1997,Thriller
1588,1997,Children's|Comedy
1595,1997,Adventure|Children's|Drama
1596,1997,Drama
1589,1997,Crime|Drama|Mystery
1848,1997,Adventure|Children's|Comedy|Fantasy
1586,1997,Action|Drama|War
1860,1997,Drama
1564,1997,Comedy|Romance
1829,1997,Drama|Romance
1566,1997,Adventure|Animation|Children's|Comedy|Musical
1567,1997,Drama
1569,1997,Comedy|Romance
3242,1997,Comedy
1832,1997,Action|Drama
1834,1997,Drama|Thriller
1853,1997,Comedy
1573,1997,Action|Sci-Fi|Thriller
1851,1997,Drama|Romance
1844,1997,Drama
3131,1997,Comedy
1846,1997,Drama
1849,1997,Adventure
1827,1997,Comedy|Documentary
3065,1997,Drama
1580,1997,Action|Adventure|Comedy|Sci-Fi
981,1997,Drama
1584,1997,Drama|Sci-Fi
1819,1997,Drama
1583,1997,Children's|Fantasy
1859,1997,Drama
1858,1997,Action|Comedy
1574,1997,Romance
3381,1997,Comedy|Drama
3293,1997,Drama|Sci-Fi
3064,1997,Thriller
1562,1997,Action|Adventure|Crime
1582,1997,Adventure|Children's
1563,1997,Drama
1581,1997,Comedy
987,1997,Drama|Romance
1857,1997,Comedy
1487,1997,Drama|Musical
1603,1997,Sci-Fi|Thriller
1652,1997,Documentary
1726,1997,Drama
1675,1997,Crime|Thriller
1728,1997,Drama
1729,1997,Crime|Drama
1730,1997,Drama
1731,1997,Comedy
1673,1997,Drama
1733,1997,Drama|Romance
1734,1997,Comedy|Drama
1672,1997,Drama
1671,1997,Crime
1670,1997,Drama|War
1669,1997,Romance
1668,1997,Drama
1667,1997,Action|Drama
1666,1997,Romance
1665,1997,Comedy
1662,1997,Crime
1661,1997,Thriller
1747,1997,Comedy|Drama
1660,1997,Drama
1658,1997,Romance|Thriller
1657,1997,Documentary
1656,1997,Romance
1750,1997,Adventure|Children's|Fantasy|Sci-Fi
1654,1997,Children's|Drama|Fantasy
1653,1997,Drama|Sci-Fi|Thriller
1676,1997,Action|Adventure|Sci-Fi|War
1725,1997,Drama
1677,1997,Comedy
1707,1997,Children's|Comedy
1693,1997,Drama
1694,1997,Drama
1695,1997,Drama
1696,1997,Drama|War
1698,1997,Comedy
1688,1997,Animation|Children's|Musical
1701,1997,Comedy|Drama
1702,1997,Children's|Comedy|Fantasy
1703,1997,Comedy
1704,1997,Drama
1687,1997,Action|Thriller
1686,1997,Crime|Thriller
1708,1997,Drama
1681,1997,Action|Adventure
1709,1997,Thriller
1684,1997,Romance
1711,1997,Comedy|Crime|Drama|Mystery
1713,1997,Children's|Comedy
1683,1997,Drama|Romance|Thriller
1715,1997,Thriller
1716,1997,Drama
1717,1997,Horror|Thriller
1718,1997,Thriller
1719,1997,Drama
1721,1997,Drama|Romance
1722,1997,Action|Romance|Thriller
1755,1997,Romance
1651,1997,Drama
1604,1997,Action|Comedy
1650,1997,Drama
1621,1997,Drama
1620,1997,Crime|Drama|Thriller
1619,1997,Drama|War
1784,1997,Comedy|Drama
1617,1997,Crime|Film-Noir|Mystery|Thriller
1788,1997,Action|Drama
1616,1997,Action|Thriller|War
1793,1997,Comedy
1794,1997,Comedy|Drama
1615,1997,Adventure|Thriller
3620,1997,Comedy|Drama
1799,1997,Crime|Drama
3575,1997,Drama
1614,1997,Comedy
1871,1997,Comedy|Drama
1613,1997,Drama
3518,1997,Drama|Thriller
1809,1997,Comedy|Crime|Drama
1612,1997,Comedy
1811,1997,Drama
3474,1997,Sci-Fi|Thriller
1609,1997,Drama
1815,1997,Drama
1816,1997,Comedy|Drama
1608,1997,Action|Thriller
1606,1997,Action|Adventure
1605,1997,Adventure|Romance
1780,1997,Documentary
1622,1997,Comedy|Drama
1623,1997,Horror
1640,1997,Comedy
1759,1997,Drama
1760,1997,Comedy|Musical
1649,1997,Documentary
1648,1997,Comedy|Drama|Thriller
1647,1997,Crime|Thriller
1646,1997,Comedy
1645,1997,Crime|Horror|Mystery|Thriller
1644,1997,Horror|Mystery|Thriller
1119,1997,Drama
1643,1997,Drama|Romance
1768,1997,Drama
1641,1997,Comedy
1639,1997,Drama|Romance
1624,1997,Drama
1636,1997,Action|Thriller
1635,1997,Drama
1633,1997,Drama
1632,1997,Comedy|Romance
1631,1997,Thriller
1771,1997,Horror
1630,1997,Comedy|Drama
1629,1997,Comedy|Romance
1628,1997,Drama
1627,1997,Action|Crime|Mystery
1626,1997,Action|Drama|Thriller
1625,1997,Mystery|Thriller
2980,1997,Drama
1900,1997,Drama
1689,1997,Comedy|Mystery
870,1997,Comedy
1526,1997,Comedy
1525,1997,Action|Adventure|Children's|Fantasy
1523,1997,Action|Crime|Romance
2480,1997,Drama
1520,1997,Romance
1453,1997,Comedy|Romance
1518,1997,Action|Thriller
1517,1997,Comedy
1515,1997,Drama|Thriller
2594,1997,Drama|Romance|Sci-Fi
2578,1997,Sci-Fi
2277,1997,Drama
1447,1997,Crime
2577,1997,Comedy|Drama
1513,1997,Comedy
1527,1997,Action|Sci-Fi
1454,1997,Comedy
1529,1997,Drama
2192,1997,Drama
1461,1997,Comedy
1535,1997,Drama|Romance
2493,1997,Drama
2618,1997,Comedy
2189,1997,Animation
2191,1997,Comedy
1460,1997,Children's|Comedy|Mystery
2232,1997,Sci-Fi|Thriller
1459,1997,Mystery|Thriller
1532,1997,Comedy
1458,1997,Romance
1457,1997,Comedy|Romance
1456,1997,Comedy
2197,1997,Drama
2962,1997,Comedy|Romance
1510,1997,Drama
1509,1997,Drama
2319,1997,Comedy
1488,1997,Action|Drama|Thriller|War
1432,1997,Action
2317,1997,Comedy
1431,1997,Action|Comedy
1430,1997,Thriller
1498,1997,Drama|Romance
1427,1997,Thriller
2543,1997,Comedy
1426,1997,Children's
1500,1997,Comedy|Crime
1425,1997,Comedy
1499,1997,Action|Adventure|Thriller
1422,1997,Mystery|Thriller
2324,1997,Comedy|Drama
2509,1997,Comedy
1497,1997,Action
1508,1997,Drama
2562,1997,Drama
1445,1997,Comedy|War
1489,1997,Animation|Children's|Musical
1507,1997,Drama|War
1442,1997,Drama
1503,1997,Comedy
1490,1997,Comedy
1439,1997,Comedy
779,1997,Drama|Romance
1438,1997,Action|Thriller
1494,1997,Comedy
1404,1997,Crime|Drama
1495,1997,Action|Adventure|Children's
1496,1997,Drama|Romance
1501,1997,Crime
1463,1997,Comedy|Romance
2175,1997,Drama|Romance
1474,1997,Children's|Comedy
2760,1997,Drama
1905,1997,Drama
1906,1997,Comedy|Romance
1547,1997,Children's|Drama
1910,1997,Action|Comedy|Crime
2810,1997,Animation|Mystery
2801,1997,Drama|Romance
1480,1997,Action|Drama|Thriller
1479,1997,Action|Romance|Thriller
1477,1997,Romance
1476,1997,Comedy|Drama
2793,1997,Comedy|Horror
1355,1997,Horror|Thriller
2444,1997,Comedy|Drama
1473,1997,Action|Comedy|Crime|Drama
1915,1997,Drama
1904,1997,Comedy|Drama
1903,1997,Comedy
1485,1997,Comedy
2437,1997,Drama
1874,1997,Comedy|Romance
1875,1997,Comedy
1552,1997,Action|Adventure|Thriller
1879,1997,Drama
1880,1997,Drama
1551,1997,Adventure|Children's|Drama
1889,1997,Thriller
2439,1997,Drama
1890,1997,Drama
1891,1997,Horror|Thriller
1550,1997,Comedy|Romance
2833,1997,Romance|War
1690,1997,Action|Horror|Sci-Fi
1901,1997,Documentary
2776,1997,Documentary
2325,1997,Comedy
1538,1997,Adventure|Children's
1471,1997,Drama
2388,1997,Drama|Romance
1466,1997,Crime|Drama
1541,1997,Comedy|Romance
2127,1997,Drama|Romance
2693,1997,Documentary
879,1997,Horror
2063,1997,Drama|Romance
2695,1997,Drama
2129,1997,Documentary
2156,1997,Comedy|Drama
1470,1997,Documentary
2061,1997,Documentary
1543,1997,Drama
1465,1997,Drama
2698,1997,Sci-Fi
2030,1997,Drama
2680,1997,Drama
2029,1997,Comedy|Romance
1464,1997,Mystery
2025,1997,Drama|Romance
1351,1997,Drama
1544,1997,Action|Adventure|Sci-Fi|Thriller
1472,1997,Crime|Thriller
1539,1997,Comedy|Crime
1468,1997,Comedy|Romance
1448,1996,Documentary
1429,1996,Action
1486,1996,Drama
1467,1996,Comedy|Drama
63,1996,Comedy
1424,1996,Action
1462,1996,Documentary
61,1996,Drama|Thriller
1484,1996,Mystery
3874,1996,Comedy|Romance
1455,1996,Comedy|Romance
1449,1996,Comedy
1664,1996,Drama
1483,1996,Drama|Thriller
1493,1996,Romance
1482,1996,Comedy|Drama
1443,1996,Documentary
1446,1996,Comedy
1475,1996,Romance
1450,1996,War
1685,1996,Romance
64,1996,Comedy|Romance
1553,1996,Comedy
1423,1996,Drama
1354,1996,Drama
1577,1996,Drama
1579,1996,Drama
1542,1996,Comedy|Drama|Romance
1537,1996,Comedy
1352,1996,Crime|Thriller
1353,1996,Comedy|Romance
1356,1996,Action|Adventure|Sci-Fi
1545,1996,Drama
1585,1996,Comedy
1357,1996,Drama|Romance
1358,1996,Drama|Thriller
1359,1996,Adventure|Children's|Comedy
1361,1996,Documentary
1533,1996,Drama
1575,1996,Drama
1546,1996,Comedy
1420,1996,Documentary
1568,1996,Crime|Drama|Mystery
1557,1996,Drama
1558,1996,Comedy
1548,1996,Drama
1561,1996,Comedy
1324,1996,Horror
1565,1996,Comedy|Thriller
1317,1996,Comedy
1310,1996,Documentary
1316,1996,Drama
1571,1996,Comedy|Romance
1314,1996,Romance
1313,1996,Crime
1312,1996,Drama
1311,1996,Comedy
1363,1996,Drama
1365,1996,Drama
1366,1996,Drama
1411,1996,Drama
1401,1996,Drama
1405,1996,Animation|Comedy
1502,1996,Romance
1407,1996,Horror|Thriller
1409,1996,Comedy|Romance
1410,1996,Comedy|Drama
1412,1996,Drama
1367,1996,Children's|Comedy
1413,1996,Drama
1414,1996,Comedy
1642,1996,Comedy|Drama
1415,1996,Crime|Drama|Romance
1416,1996,Drama|Musical
1417,1996,Drama
1400,1996,Drama
1399,1996,Drama
1398,1996,Romance|War
1397,1996,Drama
1504,1996,Drama
1393,1996,Drama|Romance
1392,1996,Comedy|Drama
1391,1996,Action|Comedy|Sci-Fi|War
1390,1996,Comedy
1384,1996,Drama
1383,1996,Action|Sci-Fi
1514,1996,Romance
1516,1996,Comedy
1519,1996,Drama
1522,1996,Drama
1528,1996,Comedy
1531,1996,Drama
1511,1996,Comedy
671,1996,Comedy|Sci-Fi
3574,1996,Horror|Sci-Fi
830,1996,Comedy
849,1996,Action|Adventure|Sci-Fi|Thriller
848,1996,Drama
847,1996,Comedy|Drama
842,1996,Horror
840,1996,Comedy
839,1996,Action|Thriller
838,1996,Comedy|Drama|Romance
837,1996,Children's|Comedy
836,1996,Action|Adventure|Thriller
835,1996,Drama
834,1996,Comedy
833,1996,Comedy
832,1996,Drama|Thriller
829,1996,Comedy|Musical
801,1996,Children's|Comedy
828,1996,Adventure|Children's
825,1996,Comedy|Romance
704,1996,Action|Adventure
818,1996,Comedy
813,1996,Comedy
2576,1996,Drama
810,1996,Children's|Comedy|Fantasy
809,1996,Action|Adventure
808,1996,Adventure|Children's
806,1996,Drama
805,1996,Drama
804,1996,Comedy|Romance
803,1996,Romance
851,1996,Drama
852,1996,Comedy|Romance
2609,1996,Drama
859,1996,Documentary
653,1996,Action|Adventure|Fantasy
651,1996,Comedy
2952,1996,Crime|Thriller
402,1996,Comedy
1893,1996,Drama
650,1996,Drama
1902,1996,Drama|Romance
648,1996,Action|Adventure|Mystery
65,1996,Comedy
2008,1996,Crime|Drama|Film-Noir
703,1996,Drama
494,1996,Action|Thriller
893,1996,Drama
892,1996,Comedy|Drama|Romance
886,1996,Action
885,1996,Children's|Drama|Fantasy
882,1996,Drama|Thriller
881,1996,Children's|Comedy
880,1996,Sci-Fi|Thriller
877,1996,Drama
2158,1996,Crime|Horror
871,1996,Comedy
869,1996,Crime
867,1996,Comedy|Crime
866,1996,Crime|Drama|Romance|Thriller
2625,1996,Action
862,1996,Drama
802,1996,Drama|Romance
800,1996,Drama|Mystery
1868,1996,Drama|War
725,1996,Comedy
742,1996,Horror|Thriller
739,1996,Comedy
737,1996,Action|Sci-Fi
736,1996,Action|Adventure|Romance|Thriller
628,1996,Drama|Thriller
734,1996,Comedy
733,1996,Action|Adventure|Thriller
732,1996,Crime
731,1996,Mystery|Thriller
630,1996,Drama|Romance
631,1996,Animation|Children's|Musical
2342,1996,Comedy
726,1996,Drama
724,1996,Drama|Horror
799,1996,Comedy|Horror
705,1996,Comedy
635,1996,Comedy|Drama
720,1996,Animation
719,1996,Comedy
637,1996,Comedy
639,1996,Comedy
640,1996,Drama|Thriller
643,1996,Comedy
644,1996,Comedy
711,1996,Adventure|Children's
710,1996,Comedy
647,1996,Drama|War
708,1996,Comedy|Romance
743,1996,Comedy
626,1996,Comedy
747,1996,Comedy
748,1996,Action|Sci-Fi|Thriller
798,1996,Action|Adventure|Thriller
2292,1996,Romance
788,1996,Comedy|Fantasy|Romance|Sci-Fi
786,1996,Action|Thriller
785,1996,Comedy
784,1996,Comedy
783,1996,Animation|Children's|Musical
782,1996,Thriller
781,1996,Drama
780,1996,Action|Sci-Fi|War
778,1996,Drama
604,1996,Documentary
605,1996,Drama|Romance
769,1996,Documentary
608,1996,Crime|Drama|Thriller
766,1996,Drama
765,1996,Comedy|Drama
763,1996,Drama
762,1996,Comedy|Crime
761,1996,Adventure
609,1996,Adventure|Children's
611,1996,Action|Horror|Sci-Fi
612,1996,Comedy
613,1996,Drama|Romance
618,1996,Comedy|Romance
2330,1996,Documentary
619,1996,Comedy
697,1996,Drama|Romance
3009,1996,Drama
706,1996,Drama
1114,1996,Drama
94,1996,Drama
95,1996,Action|Thriller
664,1996,Comedy
3817,1996,Comedy|Drama
100,1996,Drama|Thriller
101,1996,Comedy
1123,1996,Documentary
102,1996,Comedy
1121,1996,Drama
1120,1996,Drama
103,1996,Thriller
1117,1996,Drama
104,1996,Comedy
1113,1996,Comedy
1781,1996,Drama
1112,1996,Action|Drama
1111,1996,Documentary
1110,1996,Action
1109,1996,Drama
107,1996,Adventure|Children's|Comedy|Musical
1106,1996,Documentary
1105,1996,Horror
113,1996,Drama|Mystery
663,1996,Comedy
1102,1996,Action
118,1996,Comedy|Romance
120,1996,Drama
1098,1996,Comedy
92,1996,Drama|Thriller
88,1996,Comedy
1749,1996,Romance
1137,1996,Romance
1705,1996,Drama
1706,1996,Drama
1710,1996,Drama
1183,1996,Drama|Romance|War
1714,1996,Romance
676,1996,Drama
1723,1996,Comedy|Drama
1724,1996,Drama
1168,1996,Horror
1167,1996,Comedy
1165,1996,Drama|Thriller
66,1996,Sci-Fi|Thriller
70,1996,Action|Comedy|Crime|Horror|Thriller
74,1996,Drama|Romance
75,1996,Comedy|Drama
666,1996,Drama
79,1996,Drama|Thriller
1743,1996,Documentary
1147,1996,Documentary
86,1996,Adventure|Drama
1145,1996,Documentary
1144,1996,Documentary
1143,1996,Comedy
1142,1996,Drama
1140,1996,Drama
1139,1996,Drama
87,1996,Children's|Comedy
125,1996,Comedy
135,1996,Comedy
654,1996,Drama|Romance
1000,1996,Crime
3378,1996,Drama
1034,1996,Crime
3282,1996,Comedy
3227,1996,Comedy|Drama|Thriller
656,1996,Comedy
284,1996,Action|Crime
1842,1996,Crime|Drama
1847,1996,Drama|Thriller
1006,1996,Drama
1005,1996,Children's|Comedy
1004,1996,Action|Thriller
1003,1996,Drama|Thriller
1002,1996,Comedy
999,1996,Crime
140,1996,Drama|Romance
998,1996,Action|Crime
997,1996,Drama|Thriller
996,1996,Action|Drama|Western
994,1996,Drama
993,1996,Drama
992,1996,Thriller
991,1996,Drama|War
990,1996,Action|Adventure|Thriller
988,1996,Comedy|Drama
986,1996,Adventure|Children's
985,1996,Documentary
984,1996,Comedy|Drama
694,1996,Action
1038,1996,Drama
1040,1996,Drama
1041,1996,Drama
1042,1996,Comedy
141,1996,Comedy
662,1996,Thriller
661,1996,Animation|Children's|Musical
673,1996,Adventure|Animation|Children's|Comedy|Fantasy
660,1996,Drama
691,1996,Comedy|Romance
692,1996,Action|Sci-Fi|Thriller
1064,1996,Animation|Children's|Comedy
1063,1996,Drama
1062,1996,Drama
1061,1996,Crime|Drama
1060,1996,Comedy|Drama
1059,1996,Drama|Romance
1058,1996,Drama
1057,1996,Comedy|Musical|Romance
1056,1996,Drama
1054,1996,Drama
1053,1996,Crime|Drama
1052,1996,Drama
1051,1996,Drama
1050,1996,Documentary|Drama
1049,1996,Action|Adventure
1047,1996,Action|Thriller
1046,1996,Drama|Romance
1045,1996,Comedy|Drama
1044,1996,Drama
1043,1996,Drama|Romance
707,1996,Crime|Film-Noir|Thriller
1692,1995,Horror|Sci-Fi
2483,1995,Comedy|Horror|Thriller
3446,1995,Comedy
1720,1995,Action|Adventure|Sci-Fi
1741,1995,Drama
1757,1995,Drama
1773,1995,Action|Drama
1789,1995,Drama
1795,1995,Drama
3573,1995,Horror|Sci-Fi
3477,1995,Comedy|Drama
1578,1995,Crime
2274,1995,Drama
1559,1995,Drama
3046,1995,Comedy|Romance
1555,1995,Drama
1554,1995,Drama|Romance
1872,1995,Drama
1549,1995,Drama|Romance
2818,1995,Action|War
2,1995,Adventure|Children's|Fantasy
2778,1995,Thriller
1,1995,Animation|Children's|Comedy
144,1995,Comedy
209,1995,Drama
843,1995,Drama
1108,1995,Documentary
1115,1995,Comedy|Drama
1116,1995,Drama
1118,1995,Adventure|Western
1122,1995,Documentary
137,1995,Documentary
685,1995,Drama
325,1995,Comedy
679,1995,Drama
672,1995,Drama
136,1995,Documentary
134,1995,Documentary
322,1995,Comedy|Drama
667,1995,Action
133,1995,Comedy|Drama
132,1995,Thriller
1138,1995,Documentary
1141,1995,Drama
138,1995,Drama
139,1995,Action|Drama
217,1995,Drama|Thriller
1087,1995,Musical
700,1995,Comedy
210,1995,Western
696,1995,Thriller
695,1995,Mystery|Thriller
816,1995,Drama
332,1995,Horror|Sci-Fi
688,1995,Action|Adventure|Comedy|War
821,1995,Romance
330,1995,Comedy|Horror
831,1995,Drama
212,1995,Comedy
328,1995,Horror
327,1995,Action|Comedy|Musical|Sci-Fi
215,1995,Drama|Romance
216,1995,Comedy
826,1995,Drama
827,1995,Drama
143,1995,Drama
1146,1995,Comedy|Drama
665,1995,War
658,1995,Drama
624,1995,Action|Drama|Thriller
638,1995,Romance
636,1995,Drama
634,1995,Comedy
633,1995,Comedy
632,1995,War
629,1995,Drama
627,1995,Drama|Thriller
403,1995,Comedy|Crime|Drama
777,1995,War
400,1995,Drama
617,1995,Drama
119,1995,Comedy
117,1995,Crime
116,1995,Documentary
115,1995,Comedy
114,1995,Drama
112,1995,Action|Adventure|Crime
110,1995,Action|Drama|War
401,1995,Action|Thriller
399,1995,Drama
131,1995,Drama|Romance
1166,1995,Comedy
130,1995,Drama
129,1995,Comedy|Romance
655,1995,Comedy
652,1995,Mystery
124,1995,Drama
645,1995,Drama
642,1995,Drama
384,1995,Action
1170,1995,Action
398,1995,Documentary
312,1995,Comedy
388,1995,Drama
310,1995,Comedy
394,1995,Action
395,1995,Drama
396,1995,Drama
397,1995,Horror
1181,1995,Action
815,1995,Action|Mystery|Thriller
814,1995,Drama
108,1995,Documentary
208,1995,Action|Adventure
177,1995,Horror
176,1995,Comedy
175,1995,Drama
198,1995,Action|Crime|Sci-Fi
174,1995,Comedy
173,1995,Action|Adventure|Sci-Fi
172,1995,Action|Sci-Fi|Thriller
768,1995,Drama
767,1995,Drama
171,1995,Comedy
170,1995,Action|Crime|Thriller
169,1995,Adventure|Children's|Drama
168,1995,Action|Adventure|Drama|Romance
167,1995,Drama
166,1995,Comedy|Drama
165,1995,Action|Thriller
164,1995,Crime|Film-Noir|Mystery|Thriller
163,1995,Action|Romance|Thriller
764,1995,Drama|Romance
197,1995,Drama
179,1995,Drama|Romance
180,1995,Comedy
189,1995,Comedy
338,1995,Sci-Fi|Thriller
196,1995,Horror|Sci-Fi
195,1995,Comedy|Drama|Romance
194,1995,Drama
193,1995,Drama
192,1995,Documentary
191,1995,Drama
190,1995,Thriller
339,1995,Comedy|Romance
181,1995,Action|Children's
336,1995,Drama|War
188,1995,Horror
187,1995,Comedy
186,1995,Comedy
185,1995,Sci-Fi|Thriller
791,1995,Documentary
343,1995,Children's
182,1995,Drama|Romance
161,1995,Drama|Thriller|War
160,1995,Action|Adventure|Mystery|Sci-Fi
200,1995,Thriller
715,1995,Drama
729,1995,Drama
728,1995,Comedy
727,1995,Documentary
146,1995,Adventure|Children's
145,1995,Action
722,1995,Documentary
721,1995,Drama
717,1995,Comedy
714,1995,Western
203,1995,Comedy
335,1995,Mystery|Thriller
1039,1995,Documentary
333,1995,Comedy
807,1995,Comedy|Romance
205,1995,Comedy|Drama
206,1995,Documentary
207,1995,Drama|Romance
358,1995,Drama
204,1995,Action
738,1995,Drama
201,1995,Drama
155,1995,Drama|War
159,1995,Drama
979,1995,Drama|War
202,1995,Drama|Romance
158,1995,Adventure|Children's
983,1995,Romance
989,1995,Drama
754,1995,Adventure|Children's
156,1995,Comedy
153,1995,Action|Adventure|Comedy|Crime
741,1995,Animation|Sci-Fi
152,1995,Horror
151,1995,Drama|Romance|War
150,1995,Drama
753,1995,Comedy|Drama
148,1995,Drama
745,1995,Animation|Comedy|Thriller
147,1995,Drama
744,1995,Drama
109,1995,Comedy
623,1995,Romance
304,1995,Comedy|Drama
891,1995,Horror|Thriller
33,1995,Adventure|Romance
32,1995,Drama|Sci-Fi
274,1995,Comedy
1308,1995,Comedy
1309,1995,Drama|Romance
31,1995,Drama
1315,1995,Documentary
1318,1995,Comedy|Drama
226,1995,Thriller
888,1995,Animation|Children's
30,1995,Drama
29,1995,Adventure|Sci-Fi
28,1995,Romance
27,1995,Drama
271,1995,Drama
26,1995,Drama
25,1995,Drama|Romance
24,1995,Drama|Sci-Fi
34,1995,Children's|Comedy|Drama
35,1995,Drama|Romance
36,1995,Drama
37,1995,Documentary
50,1995,Crime|Thriller
49,1995,Drama|Romance
224,1995,Comedy|Drama|Romance
48,1995,Animation|Children's|Musical|Romance
47,1995,Crime|Thriller
46,1995,Drama|Romance
45,1995,Comedy|Drama
303,1995,Action|Adventure|Western
279,1995,Drama
44,1995,Action|Adventure
43,1995,Drama
42,1995,Action|Crime|Drama
278,1995,Comedy
41,1995,Drama|War
40,1995,Drama
39,1995,Comedy|Romance
38,1995,Comedy
23,1995,Thriller
22,1995,Crime|Drama|Thriller
21,1995,Action|Comedy|Drama
240,1995,Thriller
9,1995,Action
241,1995,Children's|Drama
254,1995,Drama
8,1995,Adventure|Children's
7,1995,Comedy|Romance
6,1995,Action|Crime|Thriller
5,1995,Comedy
243,1995,Comedy
244,1995,Animation|Children's
1406,1995,Drama
4,1995,Comedy|Drama
1421,1995,Documentary
1428,1995,Drama
251,1995,Action
468,1995,Comedy|Romance
3,1995,Comedy|Romance
467,1995,Comedy
10,1995,Action|Adventure|Thriller
239,1995,Animation|Children's|Comedy|Romance
20,1995,Action
238,1995,Adventure|Children's
228,1995,Comedy
19,1995,Comedy
18,1995,Thriller
17,1995,Drama|Romance
16,1995,Drama|Thriller
15,1995,Action|Adventure|Romance
14,1995,Drama
13,1995,Animation|Children's
12,1995,Comedy|Horror
11,1995,Comedy|Drama|Romance
1364,1995,Action
262,1995,Children's|Drama
259,1995,Crime|Drama|Thriller
258,1995,Adventure|Children's|Comedy|Fantasy|Romance
257,1995,Mystery|Thriller
236,1995,Comedy|Romance
237,1995,Comedy|Romance
283,1995,Crime|Drama
280,1995,Drama|Thriller
884,1995,Drama
84,1995,Comedy|Drama
82,1995,Drama
81,1995,Crime|Drama|Romance
80,1995,Drama
222,1995,Drama|Romance
78,1995,Drama
77,1995,Documentary
297,1995,Drama
295,1995,Comedy|Romance
294,1995,Comedy|Romance
292,1995,Action|Drama|Thriller
291,1995,Thriller
76,1995,Sci-Fi|Thriller
591,1995,Action|Drama|Thriller
585,1995,Comedy
73,1995,Drama|Musical
83,1995,Drama
85,1995,Drama|Romance
72,1995,Comedy|Drama
89,1995,Action|Thriller
105,1995,Drama|Romance
606,1995,Horror
603,1995,Comedy
99,1995,Documentary
846,1995,Drama
850,1995,Crime|Drama
301,1995,Drama|Romance
218,1995,Comedy|Drama
219,1995,Drama
97,1995,Drama
407,1995,Horror|Thriller
220,1995,Horror
96,1995,Comedy
93,1995,Comedy|Romance
90,1995,Drama
581,1995,Documentary
787,1995,Documentary
878,1995,Drama
874,1995,Crime|Drama
56,1995,Adventure|Children's|Fantasy
67,1995,Drama
54,1995,Children's|Comedy
286,1995,Action|Sci-Fi|Thriller
57,1995,Drama
864,1995,Comedy|Drama
68,1995,Comedy|Romance
62,1995,Drama
60,1995,Adventure|Children's|Fantasy
55,1995,Drama
69,1995,Comedy
562,1995,Comedy|Drama
71,1995,Action
865,1995,Drama
52,1995,Comedy
59,1995,Drama|Mystery
288,1994,Action|Thriller
287,1994,Comedy|Romance
256,1994,Comedy|Sci-Fi
872,1994,Drama
326,1994,Drama
306,1994,Drama
255,1994,Comedy
275,1994,Comedy
300,1994,Drama
299,1994,Drama
812,1994,Drama
790,1994,Drama
875,1994,Drama
2270,1994,Documentary
253,1994,Drama|Horror
331,1994,Drama
329,1994,Action|Adventure|Sci-Fi
252,1994,Comedy|Romance
845,1994,Drama
305,1994,Comedy
302,1994,Drama|Romance
281,1994,Drama
282,1994,Drama
250,1994,Children's|Comedy
261,1994,Drama
266,1994,Drama|Romance|War|Western
263,1994,Drama
289,1994,Comedy|Romance
277,1994,Drama
318,1994,Drama
290,1994,Crime|Drama
896,1994,Drama
2284,1994,Drama
272,1994,Drama
334,1994,Drama
264,1994,Drama
319,1994,Thriller
273,1994,Drama|Horror
860,1994,Comedy
863,1994,Comedy
795,1994,Drama
794,1994,Comedy|Drama
293,1994,Crime|Drama|Romance|Thriller
317,1994,Children's|Comedy|Fantasy
889,1994,Romance
316,1994,Action|Adventure|Sci-Fi
315,1994,Action
268,1994,Drama
314,1994,Drama
811,1994,Comedy
313,1994,Animation|Children's
296,1994,Crime|Drama
267,1994,Comedy
2103,1994,Adventure|Children's
311,1994,Horror|Thriller
309,1994,Drama
308,1994,Drama
324,1994,Comedy
2101,1994,Adventure|Drama
270,1994,Drama|Romance
1444,1994,Comedy
776,1994,Comedy|Drama
408,1994,Drama
569,1994,Children's|Comedy
566,1994,Comedy|Romance
564,1994,Comedy
561,1994,Thriller
560,1994,Drama
558,1994,Action|Adventure|Animation|Children's|Fantasy
429,1994,Comedy
554,1994,Thriller
550,1994,Comedy|Romance
548,1994,Action
547,1994,Action|Adventure|Thriller
2593,1994,Comedy
537,1994,Comedy|Drama
536,1994,Drama
533,1994,Action
571,1994,Drama
572,1994,Drama
574,1994,Comedy|Drama
421,1994,Adventure|Children's
411,1994,Comedy
413,1994,Comedy
414,1994,Comedy
416,1994,Western
417,1994,Comedy|Romance
420,1994,Action|Comedy
422,1994,Thriller
575,1994,Children's|Comedy
423,1994,Action|Thriller
424,1994,Drama
583,1994,Comedy|Drama
425,1994,Drama|Romance
580,1994,Drama
577,1994,Adventure|Children's
532,1994,Comedy|Crime|Horror
530,1994,Drama
432,1994,Comedy|Western
482,1994,Thriller
503,1994,Drama
502,1994,Action|Children's
496,1994,Comedy|Drama|Romance
461,1994,Drama|Romance
487,1994,Comedy|Western
484,1994,Adventure|Children's
478,1994,Comedy
505,1994,Comedy
476,1994,Comedy|Drama
473,1994,Comedy|War
472,1994,Comedy|Drama
471,1994,Comedy|Romance
470,1994,Comedy
462,1994,Action|Adventure
504,1994,Action|Sci-Fi
512,1994,Horror|Sci-Fi
433,1994,Comedy
438,1994,Action|Comedy
528,1994,Drama
518,1994,Comedy
516,1994,Comedy|Drama|War
514,1994,Comedy
436,1994,Drama|Thriller
437,1994,Comedy
443,1994,Documentary
513,1994,Comedy|Mystery|Romance
447,1994,Comedy|Romance
450,1994,Comedy|Drama
452,1994,Drama
456,1994,Drama
459,1994,Action
460,1994,Comedy
409,1994,Drama
2516,1994,Horror
340,1994,Adventure|Drama
406,1994,Drama
356,1994,Comedy|Romance|War
357,1994,Comedy|Romance
359,1994,Comedy|Drama|Romance
360,1994,Action|Comedy
361,1994,Drama|Romance
362,1994,Adventure|Children's|Romance
712,1994,Drama
698,1994,Drama
693,1994,Drama
690,1994,Romance
687,1994,Drama|Romance
364,1994,Animation|Children's|Musical
366,1994,Horror
367,1994,Comedy|Crime|Fantasy
368,1994,Action|Comedy|Western
355,1994,Children's|Comedy
354,1994,Drama
353,1994,Action|Romance|Thriller
756,1994,Documentary
341,1994,Drama
342,1994,Comedy|Romance
344,1994,Comedy
345,1994,Comedy|Drama
759,1994,Documentary
757,1994,Drama
735,1994,Comedy|Horror
352,1994,Comedy
730,1994,Drama
713,1994,Drama
348,1994,Comedy
349,1994,Action|Adventure|Thriller
350,1994,Drama|Mystery|Thriller
351,1994,Comedy|Drama|Romance
369,1994,Drama
370,1994,Comedy
371,1994,Comedy|Drama
614,1994,Drama|Thriller
2462,1994,Horror
389,1994,Drama|Romance|War
391,1994,Crime|Drama
393,1994,Action
641,1994,Comedy
404,1994,Documentary
2876,1994,Animation|Children's
386,1994,Drama
602,1994,Documentary
601,1994,Drama
600,1994,Thriller
598,1994,Comedy
405,1994,Action|Sci-Fi
2869,1994,Drama
387,1994,Action|Comedy
385,1994,Drama
372,1994,Comedy|Drama
379,1994,Action|Sci-Fi
374,1994,Children's|Comedy
375,1994,Drama
248,1994,Comedy
376,1994,Action|Thriller
377,1994,Action|Romance|Thriller
378,1994,Comedy|Romance
682,1994,Documentary|Drama
383,1994,Western
675,1994,Action|Drama|Thriller
380,1994,Action|Adventure|Comedy|Romance
657,1994,Comedy|Drama
649,1994,Comedy|Drama
381,1994,Drama
382,1994,Drama|Horror
249,1994,Drama|Romance
276,1994,Comedy|Romance
1075,1994,Comedy
1174,1994,Comedy
1697,1994,Crime
51,1994,Action|Drama|Thriller
106,1994,Comedy|Drama
184,1994,Drama
183,1994,Thriller
58,1994,Drama|Romance
98,1994,Action|Thriller
1433,1994,Comedy|Horror
214,1994,Drama
162,1994,Documentary
53,1994,Drama
213,1994,Drama
157,1994,Comedy|War
1021,1994,Children's|Comedy
223,1994,Comedy
149,1994,Crime|Drama|Thriller
3463,1994,Comedy
227,1994,Action
3838,1994,Horror
231,1994,Comedy
3848,1994,Drama|Thriller
230,1994,Drama|Thriller
1434,1994,Action
225,1994,Drama|Thriller
1369,1994,Drama|Thriller
2036,1994,Children's|Comedy
229,1994,Drama|Thriller
247,1994,Drama|Fantasy|Romance|Thriller
1163,1994,Drama
246,1994,Documentary
245,1994,Crime|Drama
242,1994,Drama|Musical
3664,1994,Horror|Sci-Fi|Thriller
2042,1994,Children's|Comedy
3434,1994,Action|Drama
123,1994,Drama|Mystery|Romance
235,1994,Comedy|Drama
1133,1994,Comedy|Drama
234,1994,Comedy
233,1994,Drama
232,1994,Comedy|Drama
126,1994,Adventure|Children's|Fantasy
127,1994,Drama
128,1994,Documentary
1151,1994,Animation|Comedy|Thriller
1149,1994,Documentary|Drama
211,1994,Drama
1071,1994,Romance|War
2269,1993,Drama
544,1993,Action
3464,1993,Sci-Fi|Thriller
539,1993,Comedy|Romance
819,1993,Comedy|Drama
3466,1993,Comedy|Fantasy
540,1993,Thriller
430,1993,Drama
542,1993,Comedy
543,1993,Comedy|Romance|Thriller
545,1993,Drama
546,1993,Action|Adventure|Children's|Sci-Fi
549,1993,Documentary
551,1993,Children's|Comedy|Musical
552,1993,Action|Adventure|Comedy
538,1993,Drama
1441,1993,Comedy|Romance
431,1993,Crime|Drama
519,1993,Sci-Fi|Thriller
2803,1993,Thriller
441,1993,Comedy
440,1993,Comedy|Romance
439,1993,Drama
435,1993,Comedy|Sci-Fi
434,1993,Action|Adventure|Crime
515,1993,Drama
320,1993,Film-Noir|Thriller
321,1993,Drama
3440,1993,Action|Children's|Fantasy
517,1993,Action|Drama|Mystery
1325,1993,Horror
520,1993,Comedy
535,1993,Drama
521,1993,Crime|Thriller
3450,1993,Comedy
824,1993,Drama
523,1993,Drama
524,1993,Drama
525,1993,Drama
553,1993,Western
527,1993,Drama|War
1319,1993,Documentary
529,1993,Drama
531,1993,Children's|Drama
534,1993,Drama|Romance
3502,1993,Drama
1015,1993,Adventure|Children's
793,1993,Drama
2552,1993,Comedy
584,1993,Drama
419,1993,Comedy
418,1993,Drama
415,1993,Comedy|Thriller
3835,1993,Thriller
412,1993,Drama
2850,1993,Drama|Thriller
410,1993,Comedy
2515,1993,Horror
363,1993,Documentary
365,1993,Drama
2875,1993,Drama|Mystery|Romance
1215,1993,Action|Adventure|Comedy|Horror|Sci-Fi
1678,1993,Drama
607,1993,Drama
621,1993,Drama
683,1993,Documentary
678,1993,Drama|Thriller
1134,1993,Action|Drama
1148,1993,Animation|Comedy
121,1993,Drama
3761,1993,Crime|Drama
392,1993,Adventure|Children's
582,1993,Comedy
426,1993,Horror|Sci-Fi|Thriller
555,1993,Action|Crime|Romance
718,1993,Comedy|Sci-Fi
556,1993,Documentary
337,1993,Drama
559,1993,Comedy
3530,1993,Comedy
178,1993,Comedy
3572,1993,Horror|Sci-Fi
563,1993,Drama
760,1993,War
567,1993,Drama
568,1993,Comedy|Drama
307,1993,Drama
570,1993,Comedy|Drama
428,1993,Drama
1020,1993,Comedy
3663,1993,Horror|Sci-Fi|Thriller
573,1993,Drama
3020,1993,Action|Drama
576,1993,Comedy
1265,1993,Comedy|Romance
578,1993,Drama|Mystery
579,1993,Thriller
346,1993,Drama|Musical
427,1993,Mystery|Romance|Thriller
442,1993,Action|Sci-Fi
2898,1993,Horror|Mystery
477,1993,Drama
2071,1993,Drama
285,1993,Drama|Horror
498,1993,Drama|Romance
499,1993,Comedy|Romance
500,1993,Comedy
501,1993,Drama
506,1993,Drama
3248,1993,Comedy
1437,1993,Drama
507,1993,Action|Drama
508,1993,Drama
3250,1993,Drama
510,1993,Drama
511,1993,Action|Drama
466,1993,Action|Comedy|War
465,1993,Action|Drama|War
464,1993,Action|Adventure|Crime|Thriller
2106,1993,Drama|War
497,1993,Comedy|Romance
2120,1993,Drama|Horror
269,1993,Drama
474,1993,Action|Thriller
481,1993,Drama|Thriller
3208,1993,Action|Comedy
483,1993,Drama
480,1993,Action|Adventure|Sci-Fi
479,1993,Action
485,1993,Action|Comedy
475,1993,Drama
486,1993,Comedy
876,1993,Action
488,1993,Drama
489,1993,Comedy
490,1993,Thriller
491,1993,Drama
492,1993,Comedy|Mystery
493,1993,Action|Crime|Drama
469,1993,Drama|Romance
3254,1993,Comedy
509,1993,Drama|Romance
448,1993,Drama
2092,1993,Animation|Children's|Musical
454,1993,Drama|Thriller
453,1993,Comedy
856,1993,Comedy
451,1993,Drama|Mystery|Romance
1440,1993,Comedy
449,1993,Comedy
2045,1993,Adventure|Children's|Drama|Romance
455,1993,Adventure|Children's|Drama
446,1993,Drama|Romance
3295,1993,Drama
445,1993,Comedy
844,1993,Drama
444,1993,Comedy|Romance
2052,1993,Children's|Comedy
3165,1993,Action|Drama
3213,1993,Animation|Children's
3400,1993,Animation|Children's
463,1993,Crime|Drama|Thriller
458,1993,Drama|Western
3920,1993,Drama|Fantasy
457,1993,Action|Thriller
3249,1992,Thriller
751,1992,Comedy
3260,1992,Drama
1241,1992,Comedy|Horror
895,1992,Drama
3268,1992,Action|Comedy
1092,1992,Mystery|Thriller
2800,1992,Animation|Children's
3043,1992,Comedy
588,1992,Animation|Children's|Comedy|Musical
1385,1992,Action
752,1992,Comedy|Romance
3253,1992,Comedy
3261,1992,Comedy|Drama|Romance
3045,1992,Comedy|Drama
3269,1992,Adventure|Romance|Sci-Fi
3614,1992,Comedy|Romance
2053,1992,Children's|Comedy|Sci-Fi
3262,1992,Drama|Mystery
758,1992,Drama
565,1992,Horror
1223,1992,Animation|Comedy
3709,1992,Horror
3252,1992,Drama
3677,1992,Documentary
3669,1992,Comedy
1089,1992,Crime|Thriller
2514,1992,Horror
1094,1992,Drama|Romance|War
3255,1992,Comedy|Drama
3247,1992,Comedy|Crime
3246,1992,Drama
3243,1992,Comedy
3810,1992,Drama|Thriller
3711,1992,Drama
3256,1992,Action|Thriller
3802,1992,Action|Sci-Fi
3265,1992,Action|Crime
1266,1992,Western
1037,1992,Action|Sci-Fi|Thriller
3257,1992,Action|Drama|Romance|Thriller
347,1992,Drama
1408,1992,Action|Romance|War
3258,1992,Comedy
1396,1992,Crime|Drama|Sci-Fi
3259,1992,Drama|Romance
3266,1992,Action|Comedy|Crime|Drama
3267,1992,Action|Thriller
3264,1992,Comedy|Horror
2582,1992,Action|Comedy
373,1992,Thriller
822,1992,Drama
2268,1992,Crime|Drama
3274,1992,Action
1095,1992,Drama
265,1992,Drama|Romance
861,1992,Action|Thriller
1993,1992,Horror
1570,1992,Sci-Fi
3100,1992,Drama
2253,1992,Action|Comedy|Fantasy
2252,1992,Comedy|Drama
1990,1992,Horror
2822,1992,Adventure|Romance
1320,1992,Action|Horror|Sci-Fi|Thriller
2817,1992,Action|War
1322,1992,Horror
526,1992,Drama
522,1992,Action|Drama
298,1992,Comedy
122,1992,Comedy|Romance
3919,1992,Horror
3120,1992,Comedy
853,1992,Drama
3764,1992,Action|Crime|Thriller
1339,1992,Horror|Romance
1342,1992,Horror
2808,1992,Action|Sci-Fi
1171,1992,Comedy
1524,1992,Drama
3263,1992,Comedy
1187,1992,Drama
2943,1992,Drama|Romance
2084,1992,Children's|Musical
772,1992,Comedy
3557,1992,Thriller
2953,1992,Children's|Comedy
2083,1992,Children's|Musical
3374,1992,Drama
2082,1992,Children's|Comedy
1188,1992,Comedy|Romance
3063,1992,Thriller
3270,1992,Drama
2302,1992,Comedy
3271,1992,Drama
2289,1992,Comedy|Drama
2002,1992,Action|Comedy|Crime|Drama
3272,1992,Crime|Drama
3495,1992,Comedy|Drama
701,1992,Drama
1377,1992,Action|Adventure|Comedy|Crime
3500,1992,Comedy|Drama
1093,1991,Drama|Musical
1126,1991,Comedy|Fantasy
699,1991,Drama
3809,1991,Comedy
1175,1991,Comedy|Sci-Fi
1176,1991,Drama
595,1991,Animation|Children's|Musical
1107,1991,Comedy
1177,1991,Drama
3774,1991,Comedy
620,1991,Drama
1191,1991,Documentary
1180,1991,Comedy
3728,1991,Thriller
3712,1991,Comedy
1184,1991,Comedy|War
2799,1991,Comedy
2094,1991,Action|Adventure|Sci-Fi
3544,1991,Comedy
3528,1991,Drama|Romance
2849,1991,Comedy|Drama
3060,1991,Comedy|Drama
1279,1991,Comedy|Drama
1280,1991,Drama
3386,1991,Drama|Mystery
3869,1991,Comedy
797,1991,Comedy
3489,1991,Adventure|Fantasy
2267,1991,Mystery|Thriller
2266,1991,Comedy|Romance
2265,1991,Adventure|Comedy
868,1991,Comedy
1372,1991,Action|Adventure|Sci-Fi
2251,1991,Comedy
3107,1991,Action|Drama
3108,1991,Comedy|Drama|Romance
3439,1991,Action|Children's|Fantasy
3418,1991,Action|Drama
3437,1991,Drama
3436,1991,Drama|Romance
1336,1991,Horror
1973,1991,Horror
1343,1991,Thriller
3426,1991,Drama|Romance
2142,1991,Animation|Children's|Comedy
1306,1991,Drama|Sci-Fi
589,1991,Action|Sci-Fi|Thriller
3358,1991,Comedy|Romance
1027,1991,Drama
2112,1991,Crime|Drama
2024,1991,Drama|Mystery
3662,1991,Horror|Sci-Fi|Thriller
2124,1991,Comedy
1271,1991,Drama
593,1991,Drama|Thriller
2108,1991,Comedy|Romance
1611,1991,Drama
2704,1991,Drama|Romance
3218,1991,Drama
3044,1991,Mystery|Romance|Thriller
586,1990,Children's|Comedy
1236,1990,Comedy|Drama
2798,1990,Comedy
2616,1990,Action|Crime
1243,1990,Comedy|Drama
3841,1990,Action|Comedy
1249,1990,Thriller
1245,1990,Drama
1328,1990,Horror
587,1990,Comedy|Romance|Thriller
1179,1990,Crime|Drama|Film-Noir
1370,1990,Action|Thriller
590,1990,Adventure|Drama|Western
2879,1990,Action|Adventure|Comedy
1268,1990,Drama
597,1990,Comedy|Romance
2880,1990,Action|Adventure|Comedy
3940,1990,Horror
1190,1990,Drama
3942,1990,Horror
1213,1990,Crime|Drama
1192,1990,Documentary
3765,1990,Drama|Romance
3773,1990,Comedy
625,1990,Drama
1382,1990,Action|Drama
1610,1990,Action|Thriller
1277,1990,Action|Drama|Romance
1379,1990,Action|Comedy|Western
2699,1990,Action|Comedy|Sci-Fi|Thriller
2982,1990,Horror|Thriller
3429,1990,Animation|Comedy
2283,1990,Drama
789,1990,Drama
1992,1990,Horror
2986,1990,Action|Crime|Sci-Fi
2291,1990,Drama|Romance
1100,1990,Action|Romance
855,1990,Drama
3499,1990,Horror
2412,1990,Action|Drama
3425,1990,Drama
1966,1990,Comedy
1785,1990,Action|Crime
1999,1990,Horror
3141,1990,Drama
3476,1990,Horror|Mystery|Thriller
3130,1990,Comedy
3438,1990,Action|Children's|Fantasy
2461,1990,Horror
3106,1990,Drama|Romance
3105,1990,Drama
3103,1990,Drama|Romance
3713,1990,Drama
2249,1990,Comedy
3723,1990,Drama
2250,1990,Drama
2162,1990,Adventure|Children's|Fantasy
3219,1990,Thriller
3686,1990,Thriller
3697,1990,Action|Sci-Fi|Thriller
1169,1990,Documentary
3013,1990,Comedy|Horror
2350,1990,Comedy
2089,1990,Animation|Children's
2452,1990,Horror
2113,1990,Horror|Thriller
2023,1990,Action|Crime|Drama
2916,1990,Action|Adventure|Sci-Fi|Thriller
3031,1990,Comedy
3661,1990,Horror|Sci-Fi|Thriller
2012,1990,Comedy|Sci-Fi|Western
3705,1990,Action|Adventure|Romance|Thriller
2327,1990,Horror
2004,1990,Comedy|Horror
2159,1990,Crime|Horror
3531,1990,Comedy|Drama|Romance
1291,1989,Action|Adventure
3458,1989,Drama|Romance
3660,1989,Horror|Sci-Fi|Thriller
3019,1989,Crime|Drama
1285,1989,Comedy
3521,1989,Comedy|Crime|Drama
3684,1989,Drama|Romance
1302,1989,Drama
3526,1989,Comedy|Drama
1173,1989,Drama
1307,1989,Comedy|Romance
2248,1989,Comedy|Drama|Romance
2064,1989,Comedy|Documentary
2039,1989,Adventure|Children's
2072,1989,Comedy
3338,1989,Documentary
2081,1989,Animation|Children's|Comedy|Musical|Romance
2717,1989,Comedy|Horror
2123,1989,Animation|Children's
3203,1989,Thriller
2011,1989,Comedy|Sci-Fi
3387,1989,Comedy
2151,1989,Comedy
2001,1989,Action|Comedy|Crime|Drama
3392,1989,Comedy
1373,1989,Action|Adventure|Sci-Fi
1989,1989,Horror
1986,1989,Horror
3166,1989,Adventure
1981,1989,Horror
1972,1989,Horror
3424,1989,Comedy|Drama
3694,1989,Comedy|Horror
1962,1989,Drama
3123,1989,Comedy
3844,1989,Drama
2264,1989,Drama
2054,1989,Adventure|Children's|Comedy|Fantasy|Sci-Fi
2973,1989,Comedy
1091,1989,Comedy
2456,1989,Horror|Sci-Fi
3758,1989,Drama|Sci-Fi|Thriller
2990,1989,Action
1218,1989,Action|Thriller
2423,1989,Comedy
1242,1989,Action|Drama|War
2400,1989,Children's|Drama
1127,1989,Action|Adventure|Sci-Fi|Thriller
2868,1989,Horror
1185,1989,Drama
2383,1989,Comedy
2931,1989,Drama
2513,1989,Horror
1186,1989,Drama
1246,1989,Drama
1224,1989,Drama|War
2422,1989,Action|Adventure|Drama
3695,1989,Comedy|Horror
592,1989,Action|Adventure|Crime|Drama
2372,1989,Comedy
2408,1988,Comedy|Sci-Fi
1980,1988,Horror
3918,1988,Horror
3104,1988,Action|Adventure|Comedy|Crime
3412,1988,Adventure
3714,1988,Drama
890,1988,Thriller
2245,1988,Comedy|Drama
3449,1988,Drama
2246,1988,Comedy
2247,1988,Comedy
3710,1988,Action|Comedy
142,1988,Drama
1378,1988,Action|Comedy|Western
1189,1988,Documentary
3087,1988,Comedy
2193,1988,Action|Adventure|Fantasy
3444,1988,Action
3768,1988,Action|War
2173,1988,Adventure|Fantasy|Sci-Fi
2802,1988,Action|Romance|Thriller
1216,1988,Adventure|Romance
3687,1988,Sci-Fi
3142,1988,Documentary|Musical
2797,1988,Comedy|Fantasy
3138,1988,Drama
2404,1988,Action|War
1996,1988,Horror|Thriller
1985,1988,Horror
2796,1988,Comedy
1971,1988,Horror
2174,1988,Comedy|Fantasy
2816,1988,Action|War
3423,1988,Drama
1991,1988,Horror
1961,1988,Drama
2926,1988,Comedy|Drama
3197,1988,Action
3343,1988,Comedy|Drama|Romance
3667,1988,Action|Comedy
2733,1988,Adventure|Comedy
3523,1988,Action|Thriller
2987,1988,Adventure|Animation|Film-Noir
2471,1988,Adventure|Comedy
1295,1988,Drama
3577,1988,Drama
2382,1988,Comedy
3613,1988,Comedy
1172,1988,Comedy|Drama|Romance
2900,1988,Horror|Sci-Fi
1274,1988,Adventure|Animation|Sci-Fi|Thriller
3027,1988,Horror
3837,1988,Horror
3701,1988,Crime|Drama|Sci-Fi
3868,1988,Comedy
709,1988,Animation|Children's
2263,1988,Thriller
3680,1988,Documentary
1079,1988,Comedy
2022,1988,Drama
2551,1988,Drama|Thriller
3211,1988,Drama
2020,1988,Drama|Romance
3840,1988,Horror
3496,1988,Drama
3067,1988,Comedy|Drama
3361,1988,Comedy
3370,1988,Drama|Thriller
1036,1988,Action|Thriller
2737,1987,Action
2753,1987,Thriller
2956,1987,Action|Crime|Thriller
2752,1987,Comedy|Mystery
1988,1987,Horror
2751,1987,Comedy
2750,1987,Comedy|Drama
3939,1987,Horror
2748,1987,Action|Adventure
3395,1987,Comedy
3393,1987,Comedy|Fantasy
2754,1987,Horror
2755,1987,Drama
2149,1987,Comedy|Horror
3388,1987,Comedy
2133,1987,Adventure|Comedy
1394,1987,Comedy
3727,1987,Comedy|Horror
1395,1987,Comedy|Drama
3391,1987,Comedy
2449,1987,Adventure|Children's
2000,1987,Action|Comedy|Crime|Drama
2164,1987,Drama
2451,1987,Horror
2756,1987,Action
1197,1987,Action|Adventure|Comedy|Romance
3329,1987,Drama
3394,1987,Comedy|Romance
3777,1987,Comedy|Horror
2643,1987,Action|Adventure|Sci-Fi
1202,1987,Comedy
3478,1987,Drama
2244,1987,Comedy|Romance
1222,1987,Action|Drama|War
3094,1987,Drama|Romance
3090,1987,Drama
3026,1987,Horror
3033,1987,Comedy|Sci-Fi
3042,1987,Comedy
2985,1987,Action|Crime|Sci-Fi
3716,1987,Action|Crime
980,1987,Action
3698,1987,Action|Adventure|Sci-Fi
3576,1987,Action|Horror|Sci-Fi
771,1987,Comedy|Drama
3706,1987,Film-Noir|Mystery|Thriller
1290,1987,Drama|Romance
3072,1987,Comedy
3071,1987,Drama
3505,1987,Thriller
792,1987,Fantasy
2381,1987,Comedy
3547,1987,Drama
2243,1987,Comedy|Drama|Romance
3017,1987,Horror
3101,1987,Thriller
2194,1987,Action|Crime|Drama
3917,1987,Horror
1211,1987,Comedy|Drama|Romance
1970,1987,Horror
2972,1987,Drama|War
3433,1987,Action|Drama
3715,1987,Comedy
1960,1987,Drama|War
1332,1987,Horror|Thriller
3673,1987,Adventure|Children's
1255,1987,Comedy|Horror
3448,1987,Comedy|Drama|War
1261,1987,Action|Adventure|Comedy|Horror
1088,1987,Musical|Romance
3527,1987,Action|Sci-Fi|Thriller
2992,1986,Horror|Thriller
2745,1986,Drama
2746,1986,Comedy|Horror|Musical
3696,1986,Comedy|Horror|Sci-Fi
2903,1986,Horror|Thriller
3763,1986,Action|Crime|Thriller
3650,1986,Horror
2749,1986,Drama|Mystery
2744,1986,Drama
2743,1986,Drama
2742,1986,Comedy|Drama
2846,1986,Children's
3360,1986,Drama
3422,1986,Comedy|Romance
2786,1986,Comedy
2815,1986,Action|War
3442,1986,Action
3941,1986,Horror
3443,1986,Action|Drama|Thriller
3112,1986,Drama
2938,1986,Drama
2934,1986,Musical
3390,1986,Adventure
3389,1986,Action|Adventure
3740,1986,Action|Comedy
3707,1986,Drama
3459,1986,Drama|Horror
3819,1986,Comedy
2918,1986,Comedy
3465,1986,Drama
3480,1986,Drama
3491,1986,Comedy
3692,1986,Comedy|Horror
2740,1986,Horror
2741,1986,Action|Thriller
2465,1986,Horror
2467,1986,Mystery
2468,1986,Action|Comedy|Romance|Thriller
2469,1986,Comedy|Romance
2470,1986,Adventure|Comedy
2472,1986,Comedy
2473,1986,Comedy
2474,1986,Drama
2475,1986,Action|Mystery|Thriller
2476,1986,Action|War
2477,1986,Adventure
2478,1986,Comedy|Western
2148,1986,Comedy|Horror
2147,1986,Drama
2145,1986,Comedy|Drama|Romance
2141,1986,Animation|Children's|Comedy
2119,1986,Horror
2076,1986,Drama|Mystery
2048,1986,Animation|Children's
2046,1986,Adventure|Children's|Sci-Fi
1995,1986,Horror|Thriller
1979,1986,Horror
1967,1986,Adventure|Children's|Fantasy
2614,1986,Action|Horror|Sci-Fi
2466,1986,Drama
2464,1986,Horror
1101,1986,Action|Romance
2463,1986,Comedy
2416,1986,Comedy
2417,1986,Comedy|Drama
2418,1986,Comedy
2419,1986,Drama|Thriller
2421,1986,Action|Adventure|Drama
2380,1986,Comedy
2375,1986,Comedy
2374,1986,Comedy|Drama
2368,1986,Action|Adventure|Horror
2349,1986,Comedy|Thriller
2348,1986,Drama
2345,1986,Drama
723,1986,Drama
2312,1986,Drama
2262,1986,Comedy|Drama|Romance
2261,1986,Comedy
2260,1986,Action|Crime
2450,1986,Adventure|Children's|Sci-Fi
2453,1986,Drama|Fantasy
2455,1986,Horror|Sci-Fi
2457,1986,Action|Comedy
2458,1986,Comedy|Crime
2460,1986,Horror
1090,1986,Drama|War
2415,1986,Drama|Romance
1131,1986,Drama
1200,1986,Action|Sci-Fi|Thriller|War
1275,1986,Action|Adventure
1296,1986,Drama|Romance
1155,1986,Drama
1259,1986,Adventure|Comedy|Drama
1330,1986,Comedy|Horror
1132,1986,Drama
1349,1986,Horror
1205,1986,Action|Animation|Children's|Sci-Fi|Thriller|War
1376,1986,Action|Adventure|Sci-Fi
1273,1986,Comedy|Drama
2738,1986,Comedy|Drama
2736,1986,Comedy
2735,1986,Action|Adventure|Comedy
2734,1986,Drama
2867,1985,Comedy|Horror
1217,1985,Drama|War
2787,1985,Horror
1257,1985,Comedy
2655,1985,Horror
3816,1985,Drama
2077,1985,Adventure|Children's
2086,1985,Drama|Fantasy
3251,1985,Drama|Mystery
1674,1985,Drama|Romance|Thriller
2794,1985,Comedy
2143,1985,Adventure|Fantasy|Romance
2093,1985,Adventure|Children's|Fantasy|Sci-Fi
1270,1985,Comedy|Sci-Fi
3223,1985,Drama
2134,1985,Comedy
3214,1985,Drama
1300,1985,Drama
3102,1985,Thriller
2377,1985,Horror|Sci-Fi
2413,1985,Comedy|Mystery
2411,1985,Action|Drama
2407,1985,Comedy|Sci-Fi
2405,1985,Action|Adventure|Comedy|Romance
2402,1985,Action|War
2401,1985,Western
2399,1985,Adventure|Children's|Fantasy
2379,1985,Comedy
2376,1985,Action
1297,1985,Comedy
2373,1985,Action|Adventure
2371,1985,Comedy
2370,1985,Action|Adventure|Drama
2369,1985,Comedy|Romance
3018,1985,Horror
2344,1985,Action|Adventure|Drama|Thriller
2758,1985,Drama
2073,1985,Comedy
2414,1985,Action|Adventure|Mystery
2146,1985,Drama|Romance
2069,1985,Drama
3637,1985,Drama
1959,1985,Drama|Romance
3399,1985,Children's|Comedy
2615,1985,Adventure|Sci-Fi
3402,1985,Drama
3767,1985,Action|War
3479,1985,Adventure|Fantasy|Romance
3501,1985,Comedy|Romance
2005,1985,Adventure|Children's|Fantasy
3385,1985,Comedy
3432,1985,Action|Drama
2739,1985,Drama
3608,1985,Comedy
3401,1985,Adventure|Sci-Fi
2033,1985,Animation|Children's
2065,1985,Comedy|Drama|Romance
3685,1985,Comedy|Drama|Romance
1978,1985,Horror
1969,1985,Horror
3690,1985,Comedy
3693,1985,Comedy|Horror
1199,1985,Sci-Fi
3704,1985,Action|Sci-Fi
1968,1985,Comedy|Drama
1288,1984,Comedy|Drama|Musical
2716,1984,Comedy|Horror
3041,1984,Comedy
2258,1984,Action
2311,1984,Mystery|Sci-Fi
1299,1984,Drama|War
3070,1984,Adventure|Comedy|Sci-Fi
2613,1984,Action|Horror|Sci-Fi
1305,1984,Drama
2347,1984,Action
1965,1984,Comedy|Sci-Fi
2259,1984,Comedy|Romance
3877,1984,Action|Adventure|Fantasy
2928,1984,Drama
1347,1984,Horror
3708,1984,Horror|Thriller
3700,1984,Drama|Sci-Fi
3699,1984,Adventure|Drama|Romance|Sci-Fi
2420,1984,Drama
2406,1984,Action|Adventure|Comedy|Romance
3683,1984,Drama|Film-Noir
2397,1984,Drama
2945,1984,Mystery
2378,1984,Comedy
1375,1984,Action|Adventure|Sci-Fi
3937,1984,Sci-Fi|Thriller
3525,1984,Comedy
2257,1984,Comedy|Romance
2364,1984,Action|Sci-Fi
3441,1984,Action|War
3925,1984,Comedy
2852,1984,Drama
3098,1984,Drama
1240,1984,Action|Sci-Fi|Thriller
3222,1984,Drama
2021,1984,Fantasy|Sci-Fi
3206,1984,Romance
2144,1984,Comedy
3791,1984,Drama
2117,1984,Drama|Sci-Fi
2003,1984,Comedy|Horror
2161,1984,Adventure|Children's|Fantasy
2115,1984,Action|Adventure
3398,1984,Children's|Comedy
1225,1984,Drama
1227,1984,Crime|Drama|Thriller
2122,1984,Horror|Thriller
3342,1984,Drama|War
3770,1984,Adventure|Crime|Sci-Fi|Thriller
3110,1984,Drama
2242,1984,Drama
1977,1984,Horror
3308,1984,Comedy|Drama
3766,1984,Action|War
3109,1984,Drama
2897,1984,Comedy|War
3111,1984,Drama
3169,1984,Drama
2100,1984,Comedy|Fantasy|Romance
2859,1984,Documentary
3689,1983,Comedy
2111,1983,Comedy
2097,1983,Children's|Horror
1389,1983,Action|Horror
2114,1983,Drama
2118,1983,Horror|Thriller
3331,1983,Drama
2121,1983,Horror|Thriller
3691,1983,Comedy
3497,1983,Comedy
3591,1983,Comedy|Drama
3584,1983,Action|Drama|Romance|Thriller
3550,1983,Horror
1289,1983,Documentary|War
1210,1983,Action|Adventure|Romance|Sci-Fi|War
2352,1983,Comedy|Drama
1231,1983,Drama
1238,1983,Comedy
1958,1983,Comedy|Drama
3843,1983,Horror
3039,1983,Comedy
3846,1983,Comedy
1323,1983,Horror
1984,1983,Horror
2241,1983,Comedy
2070,1983,Drama
3347,1983,Drama
2915,1983,Comedy
2902,1983,Horror|Thriller
2855,1983,Horror
2942,1983,Drama|Romance
2517,1983,Horror
2642,1983,Action|Adventure|Sci-Fi
2804,1983,Comedy|Drama
2795,1983,Comedy
1081,1982,Comedy|Musical
1293,1982,Drama
2792,1982,Comedy
1381,1982,Comedy|Musical|Romance
3085,1982,Horror
2104,1982,Drama
1298,1982,Drama|Musical|War
2668,1982,Horror|Sci-Fi
2105,1982,Action|Adventure|Fantasy|Sci-Fi
1587,1982,Action|Adventure
2110,1982,Comedy|Crime|Thriller
2518,1982,Comedy
1096,1982,Drama
1097,1982,Children's|Drama|Fantasy|Sci-Fi
774,1982,Drama
2256,1982,Horror|Sci-Fi
2757,1982,Drama
2255,1982,Comedy
3210,1982,Comedy
2139,1982,Animation|Children's
3016,1982,Horror
2140,1982,Children's|Fantasy|Sci-Fi
3221,1982,Drama
2512,1982,Drama
1326,1982,Horror
1346,1982,Horror
2410,1982,Action|Drama
1976,1982,Horror
541,1982,Film-Noir|Sci-Fi
1360,1982,Drama
2970,1982,Adventure|Drama
3431,1982,Action|Drama
3938,1982,Horror
2288,1982,Action|Horror|Sci-Fi|Thriller
3068,1982,Drama
2919,1982,Drama|Romance
2403,1982,Action
2068,1982,Drama
1994,1982,Horror|Thriller
2955,1982,Drama
921,1982,Comedy
2659,1982,Comedy|Documentary
1001,1982,Comedy
3592,1982,Animation|Sci-Fi
1374,1982,Action|Adventure|Sci-Fi
3561,1982,Drama
3313,1982,Comedy
3543,1982,Comedy|Drama
3047,1982,Drama
1150,1982,Drama
2917,1981,Crime|Thriller
1663,1981,Comedy
1198,1981,Action|Adventure
1233,1981,Action|Drama|War
2254,1981,Drama
2790,1981,Horror
3805,1981,Action|Adventure|Drama
610,1981,Action|Adventure|Animation|Horror|Sci-Fi
3734,1981,Drama
3731,1981,Drama|Thriller
1983,1981,Horror
1957,1981,Drama
3397,1981,Children's|Comedy
3524,1981,Comedy|Romance
3529,1981,Crime|Thriller
2041,1981,Action|Adventure|Children's|Comedy
2044,1981,Comedy
3621,1981,Drama|Horror
2075,1981,Drama|War
2639,1981,Drama
2872,1981,Action|Drama|Fantasy|Romance
3679,1981,Documentary
1033,1981,Animation|Children's
3688,1981,Comedy
2878,1981,Horror
3703,1981,Action|Sci-Fi
1124,1981,Drama
3725,1981,Animation|Musical
1129,1981,Action|Adventure|Sci-Fi|Thriller
2301,1981,Comedy
1975,1981,Horror
3029,1981,Action|Drama
2989,1981,Action
1321,1981,Horror
2929,1981,Drama
1264,1981,Action|Drama|Mystery|Romance|Thriller
681,1981,Crime
3048,1981,Comedy
3036,1981,Adventure
1335,1981,Action|Horror
3021,1981,Horror
3014,1981,Comedy
2968,1981,Adventure|Fantasy|Sci-Fi
1196,1980,Action|Adventure|Drama|Sci-Fi|War
2150,1980,Comedy
3811,1980,Drama|War
3652,1980,Horror
3619,1980,Comedy
3091,1980,Drama|War
1220,1980,Action|Comedy|Musical
2050,1980,Adventure|Children's|Comedy
3552,1980,Comedy
2163,1980,Comedy|Horror
1987,1980,Horror
2240,1980,Drama
2791,1980,Comedy
3649,1980,Drama
2525,1980,Action|Horror|Sci-Fi
2862,1980,Drama
1974,1980,Horror
2950,1980,Adventure|Drama|Romance
1258,1980,Horror
3137,1980,Action|War
3403,1980,Drama|Thriller
1956,1980,Drama
1436,1980,Comedy
1130,1980,Horror
1286,1980,Drama|Romance
2290,1980,Comedy|Drama
2088,1980,Adventure|Comedy|Musical
2313,1980,Drama
2130,1980,Crime|Drama|Romance
1135,1980,Comedy
3235,1980,Comedy
2286,1980,Comedy
3834,1980,Adventure|Drama|Romance
2641,1980,Action|Adventure|Sci-Fi
1228,1980,Drama
684,1980,Drama
3842,1980,Horror
3586,1980,Drama
2988,1980,Drama
1128,1980,Horror
3587,1980,Horror
3359,1979,Drama
2526,1979,Sci-Fi
3702,1979,Action|Sci-Fi
1161,1979,Drama
2016,1979,Children's|Comedy|Western
3506,1979,Comedy|Drama
2924,1979,Action|Comedy
1327,1979,Horror
1244,1979,Comedy|Drama|Romance
3135,1979,Drama
1080,1979,Comedy
2901,1979,Horror|Sci-Fi
1955,1979,Drama
3804,1979,Comedy
2851,1979,Adventure|Sci-Fi|Thriller
1371,1979,Action|Adventure|Sci-Fi
1232,1979,Mystery|Sci-Fi
2954,1979,Drama
1292,1979,Comedy
2537,1979,Adventure
3040,1979,Comedy
2536,1979,Drama
2409,1979,Action|Drama
2971,1979,Musical
3428,1979,Drama
3420,1979,Drama|Thriller
2109,1979,Comedy
3396,1979,Children's|Comedy
1214,1979,Action|Horror|Sci-Fi|Thriller
1208,1979,Drama|War
2034,1979,Sci-Fi
3638,1979,Action|Romance|Sci-Fi
3015,1978,Thriller
2640,1978,Action|Adventure|Sci-Fi
2138,1978,Animation|Children's|Drama|Fantasy
3732,1978,Horror
3724,1978,Drama|War
3204,1978,Thriller
2131,1978,Drama
3560,1978,Drama
1380,1978,Comedy|Musical|Romance
3024,1978,Horror|Sci-Fi
3519,1978,Action|War
2932,1978,Drama
2055,1978,Comedy|Western
3498,1978,Drama
2038,1978,Children's|Comedy|Sci-Fi
3445,1978,Mystery|Thriller
2866,1978,Drama
1388,1978,Action|Horror
1194,1978,Comedy
3421,1978,Comedy
2091,1978,Children's|Sci-Fi
1982,1978,Horror
2779,1978,Comedy
3813,1978,Drama
2534,1978,Action
2116,1978,Adventure|Animation|Children's|Sci-Fi
2789,1978,Horror
3304,1978,Crime|Drama
3234,1978,Comedy
1263,1978,Drama|War
1030,1977,Adventure|Animation|Children's|Musical
2037,1977,Adventure|Children's|Comedy
2602,1977,Adventure|Sci-Fi
2090,1977,Animation|Children's
2853,1977,Horror
1230,1977,Comedy|Romance
3635,1977,Action
2051,1977,Adventure|Children's|Comedy
2923,1977,Comedy
3807,1977,Action|Adventure
2523,1977,Drama|Thriller
3760,1977,Comedy
2522,1977,Drama
1998,1977,Horror
3676,1977,Drama|Horror
3674,1977,Adventure|Children's
3471,1977,Drama|Sci-Fi
3339,1977,War
260,1977,Action|Adventure|Fantasy|Sci-Fi
2014,1977,Children's|Comedy
1331,1977,Horror
3244,1977,Comedy|Romance
873,1976,Drama
2528,1976,Action|Adventure|Sci-Fi
3294,1976,Horror
495,1976,Drama
3371,1976,Drama
2095,1976,Children's|Comedy
3473,1976,Comedy
3726,1976,Action|Thriller
3215,1976,Drama
3612,1976,Adventure|Musical|Romance
3504,1976,Comedy|Drama
2367,1976,Action|Adventure|Horror
1345,1976,Horror
1350,1976,Horror
2238,1976,Comedy|Drama
1341,1976,Horror
3551,1976,Thriller
1954,1976,Action|Drama
2177,1976,Comedy|Thriller
3508,1976,Western
111,1976,Drama|Thriller
1007,1975,Children's|Comedy|Western
716,1975,Crime
1303,1975,Adventure
2346,1975,Sci-Fi|Thriller
3312,1975,Drama
2730,1975,Drama
1387,1975,Action|Horror
1193,1975,Drama
2239,1975,Comedy|Drama
3099,1975,Comedy|Romance
3485,1975,Horror
3362,1975,Comedy|Crime|Drama
3814,1975,Comedy
1009,1975,Adventure|Children's|Fantasy
2819,1975,Thriller
1913,1975,Drama|Mystery
2657,1975,Comedy|Horror|Musical|Sci-Fi
2877,1975,Drama|Musical
2303,1975,Drama|Musical
3415,1975,Drama
2981,1975,Documentary
2521,1974,Drama
1011,1974,Adventure|Children's|Comedy
3630,1974,Horror
2535,1974,Action
2459,1974,Horror
3430,1974,Action|Drama
3639,1974,Action
3847,1974,Horror
2074,1974,Drama
3384,1974,Action
1252,1974,Film-Noir|Mystery|Thriller
796,1974,Drama
1221,1974,Action|Crime|Drama
3769,1974,Action
3730,1974,Drama|Mystery
3230,1974,Thriller
3771,1974,Action|Adventure
3590,1974,Comedy
1278,1974,Comedy|Horror
1329,1974,Horror
2524,1974,Action|Drama
3470,1974,Adventure|Drama
1125,1974,Comedy
1136,1974,Comedy
3738,1974,Drama
3601,1974,Comedy|Western
3672,1974,Adventure|Children's
3671,1974,Comedy|Western
3280,1973,Horror
2527,1973,Action|Sci-Fi|Thriller|Western
3935,1973,Horror
3607,1973,Comedy|Drama|Western
2009,1973,Sci-Fi|Thriller
3493,1973,Horror
3363,1973,Comedy|Drama
2991,1973,Action
1997,1973,Horror
2531,1973,Action|Sci-Fi
2854,1973,Horror
773,1973,Drama
3194,1973,Drama
2511,1973,Crime
3741,1973,Crime|Drama
3733,1973,Drama
3034,1973,Animation|Children's
1077,1973,Comedy|Sci-Fi
2495,1973,Animation|Sci-Fi
615,1973,Drama
1234,1973,Comedy|Crime
3198,1973,Drama
3200,1973,Comedy|Drama
3781,1973,Action|Crime
2137,1973,Animation|Children's
3682,1973,Western
3655,1973,Drama
3735,1973,Crime|Drama
2308,1973,Action|Crime
2532,1972,Action|Sci-Fi
2013,1972,Action|Adventure
2361,1972,Comedy
3757,1972,Horror
3069,1972,Drama
858,1972,Action|Crime|Drama
3074,1972,Western
3651,1972,Horror
3588,1972,Crime|Drama
3812,1972,Comedy
2178,1972,Thriller
3545,1972,Musical|War
1162,1972,Comedy
3803,1972,Drama
3373,1972,Western
3782,1972,Action|Crime
1082,1972,Drama
3503,1972,Drama|Sci-Fi
3490,1972,Horror
2895,1972,Adventure
2921,1972,Western
2871,1972,Adventure|Thriller
1078,1971,Comedy|War
1419,1971,Drama
3152,1971,Drama
1206,1971,Sci-Fi
2788,1971,Comedy
2533,1971,Action|Sci-Fi
2031,1971,Children's|Comedy
2032,1971,Children's|Comedy
3236,1971,Western
3522,1971,Drama
1073,1971,Adventure|Children's|Comedy|Fantasy
3212,1971,Drama
1964,1971,Drama|Mystery
3284,1971,Comedy|Romance
3167,1971,Drama
2984,1971,Documentary
1031,1971,Adventure|Children's|Musical
1235,1971,Comedy
3119,1971,Horror
3947,1971,Thriller
3032,1971,Sci-Fi
1953,1971,Action|Crime|Drama|Thriller
3729,1971,Action|Crime
3202,1971,Drama
3283,1971,Action
3093,1971,Drama|Western
2925,1970,Drama
3348,1970,Crime|Thriller
1272,1970,Drama|War
3622,1970,Comedy
3066,1970,War
3836,1970,Action|Comedy|War
3419,1970,Comedy|Crime
2520,1970,Drama
616,1970,Animation|Children's
2040,1970,Children's|Comedy
3037,1970,Comedy|Drama|Western
1294,1970,Comedy|War
1362,1970,Drama
3201,1970,Drama
2530,1970,Action|Sci-Fi
3216,1970,Horror
3850,1969,Crime|Thriller
1952,1969,Drama
3372,1969,Action|War
3806,1969,Western
3366,1969,Action|Adventure|War
3772,1969,Horror
3542,1969,Drama
1209,1969,Western
3168,1969,Adventure|Drama
3603,1969,Comedy
3633,1969,Action
1963,1969,Comedy
599,1969,Western
1010,1969,Children's|Comedy
1304,1969,Action|Comedy|Western
3494,1969,Adventure|Western
2179,1969,Thriller
3011,1969,Drama
674,1968,Adventure|Sci-Fi
3427,1968,Crime
2529,1968,Action|Sci-Fi
3668,1968,Drama|Romance
2300,1968,Comedy|Musical
1023,1968,Animation|Children's
775,1968,Horror
2764,1968,Crime|Drama|Thriller
2857,1968,Animation|Musical
968,1968,Horror|Sci-Fi
702,1968,Drama
3875,1968,Horror
1951,1968,Musical
2160,1968,Horror|Thriller
2035,1968,Children's|Comedy
3333,1968,Drama
2285,1968,Drama
924,1968,Drama|Mystery|Sci-Fi|Thriller
3367,1968,War
3507,1968,Comedy
3143,1968,Drama|War
3164,1968,Drama
3049,1967,Comedy|War
1247,1967,Drama|Romance
2922,1967,Western
2078,1967,Animation|Children's|Comedy|Musical
823,1967,Drama
1084,1967,Crime|Drama
154,1967,Drama
3233,1967,Comedy
2870,1967,Comedy
3296,1967,Drama
2135,1967,Adventure|Musical
2049,1967,Comedy|Musical
2944,1967,Action|War
2047,1967,Children's
1276,1967,Comedy|Drama
3337,1967,Comedy|Drama
3025,1967,Western
3345,1967,Adventure|Children's
3028,1967,Comedy
3487,1967,Western
3460,1967,Comedy
3451,1967,Comedy|Drama
1950,1967,Drama|Mystery
3658,1967,Sci-Fi
3788,1966,Drama|Mystery
1164,1966,Drama
3589,1966,Horror
1949,1966,Drama
1201,1966,Action|Western
3653,1966,Documentary
3927,1966,Adventure|Sci-Fi
2969,1966,Drama|Romance
2132,1966,Drama
3144,1966,Comedy|Romance
2180,1966,Thriller
2896,1966,Western
390,1965,Action|Comedy|Drama
3520,1965,Comedy
1018,1965,Children's|Comedy|Mystery
2983,1965,Thriller
2946,1965,Comedy|Musical
2993,1965,Action
680,1965,Sci-Fi
2067,1965,Drama|Romance|War
2856,1965,Thriller
2632,1965,Drama
2783,1965,Horror
3346,1965,Horror
3681,1965,Western
1083,1965,Comedy|Musical
1035,1965,Musical
3873,1965,Comedy|Western
3789,1965,Drama
1534,1965,Drama
3073,1965,Drama|Romance
3075,1965,Thriller
2951,1964,Action|Western
3634,1964,Thriller
199,1964,Drama|Musical
2863,1964,Comedy|Musical
2820,1964,Drama
1028,1964,Children's|Comedy|Musical
3922,1964,Comedy
914,1964,Musical|Romance
3224,1964,Drama
3245,1964,Drama
2784,1964,Horror
2947,1964,Action
3610,1964,Musical
2181,1964,Thriller
3351,1964,Horror
3924,1964,Comedy
1251,1963,Drama
750,1963,Sci-Fi|War
2554,1963,Horror|Sci-Fi|Thriller
2933,1963,Drama
3076,1963,Comedy
2057,1963,Adventure|Children's
3533,1963,Drama
2550,1963,Horror|Thriller
3416,1963,Drama
1333,1963,Horror
2780,1963,Comedy|Horror
3344,1963,Horror
2098,1963,Children's|Comedy
3369,1963,Crime
3467,1963,Drama|Western
1572,1963,Drama
3461,1963,Adventure|Drama|Thriller
1025,1963,Animation|Children's
3921,1963,Comedy
2136,1963,Comedy
3832,1963,Horror
2948,1963,Action
1948,1963,Comedy
911,1963,Comedy|Mystery|Romance|Thriller
1262,1963,Adventure|War
3332,1962,Adventure|Children's
557,1962,Drama
3833,1962,Horror|Sci-Fi
3062,1962,Action|Drama|War
3604,1962,Musical
3092,1962,Drama
2365,1962,Action|Sci-Fi
1267,1962,Film-Noir|Thriller
2785,1962,Horror
1207,1962,Drama
2056,1962,Adventure|Children's
2949,1962,Action
3645,1962,Drama
2905,1962,Action|Adventure
3627,1962,Horror|Thriller
1204,1962,Adventure|War
2729,1962,Drama
3737,1962,Drama|Western
3546,1962,Drama|Thriller
1344,1962,Film-Noir|Thriller
2015,1961,Children's|Comedy|Fantasy
3336,1961,Drama
3926,1961,Adventure|Sci-Fi
1947,1961,Musical|Romance
3654,1961,Action|Drama|War
3600,1961,Comedy|Musical
3468,1961,Drama
3330,1961,Drama
1013,1961,Children's|Drama
902,1961,Drama|Romance
2732,1961,Drama
2782,1961,Horror
3350,1961,Drama
2017,1961,Children's|Fantasy|Musical
3808,1961,Drama|War
2085,1961,Animation|Children's
3220,1961,Drama
3030,1961,Comedy|Drama|Western
1076,1961,Thriller
3583,1960,Drama
2747,1960,Comedy|Horror
659,1960,Crime|Thriller
1219,1960,Horror|Thriller
909,1960,Comedy|Drama
3602,1960,Musical
3472,1960,Horror
1017,1960,Adventure|Children's
2553,1960,Horror|Sci-Fi|Thriller
2488,1960,Drama|Horror|Thriller
1014,1960,Children's|Comedy|Drama
3205,1960,Horror
2728,1960,Drama
3469,1960,Drama
2079,1960,Children's|Drama
841,1959,Horror
2731,1959,Drama
2669,1959,War
2096,1959,Animation|Children's|Musical
3379,1959,Drama
3171,1959,Drama
3801,1959,Drama|Mystery
1016,1959,Children's|Comedy
3923,1959,Horror|Sci-Fi
1287,1959,Action|Adventure|Drama
2781,1959,Horror
908,1959,Drama|Thriller
910,1959,Comedy|Crime
2634,1959,Horror
2299,1959,Comedy
3933,1959,Horror|Sci-Fi
2814,1959,Horror
3931,1959,Horror|Sci-Fi
3872,1959,Drama
670,1959,Drama
3488,1959,Horror|Sci-Fi
2043,1959,Adventure|Children's|Fantasy
1085,1958,Adventure|Drama
971,1958,Drama
854,1958,Drama
2645,1958,Horror
3153,1958,Action|Adventure|Fantasy
3605,1958,Drama|Musical
903,1958,Mystery|Thriller
2519,1958,Horror
1924,1958,Horror|Sci-Fi
3368,1958,Romance|Western
3558,1958,Drama
3548,1958,Comedy|Drama
1248,1958,Crime|Film-Noir|Thriller
2454,1958,Horror|Sci-Fi
3516,1958,Comedy|Romance
2670,1958,War
2941,1958,Musical|Romance|War
1334,1958,Horror|Sci-Fi
939,1958,Comedy|Drama
3405,1958,Action|Drama
1386,1958,Western
938,1958,Musical
2874,1957,Comedy
3199,1957,Comedy|Musical|Romance
3762,1957,Horror
1178,1957,Drama|War
901,1957,Comedy|Musical
3038,1957,Drama
932,1957,Romance
2351,1957,Drama
1012,1957,Children's|Drama
3640,1957,Comedy|Drama
3659,1957,Sci-Fi|Thriller
3648,1957,Horror|Sci-Fi
1237,1957,Drama
1250,1957,Drama|War
937,1957,Comedy|Romance
3136,1957,Documentary
2652,1957,Horror
3934,1957,Sci-Fi
1203,1957,Drama
3096,1957,Comedy
948,1956,Drama
3878,1956,Sci-Fi
2666,1956,Sci-Fi
3585,1956,Adventure|War
2667,1956,Sci-Fi
952,1956,Adventure|Comedy
1301,1956,Sci-Fi
3365,1956,Western
669,1956,Drama
2726,1956,Crime|Film-Noir
2967,1956,Drama|Thriller
2565,1956,Musical
2664,1956,Horror|Sci-Fi
820,1956,Drama
2665,1956,Sci-Fi
3340,1956,Horror|Sci-Fi
2182,1956,Drama|Film-Noir|Thriller
3845,1956,Drama
2183,1956,Thriller
2184,1955,Mystery|Thriller
3414,1955,Romance
668,1955,Drama
3292,1955,Film-Noir
2727,1955,Film-Noir
1946,1955,Drama|Romance
3126,1955,Drama
2656,1955,Horror|Sci-Fi
3311,1955,Western
3035,1955,Comedy|Drama|War
3549,1955,Musical
982,1955,Drama
3678,1955,Drama
1103,1955,Drama
933,1955,Comedy|Romance|Thriller
1008,1955,Western
2080,1955,Animation|Children's|Comedy|Musical|Romance
2663,1955,Sci-Fi
949,1955,Drama
3172,1954,Adventure
2363,1954,Action|Sci-Fi
1019,1954,Adventure|Children's|Fantasy|Sci-Fi
1086,1954,Mystery|Thriller
2287,1954,Sci-Fi|Thriller|War
3930,1954,Horror
3675,1954,Musical
972,1954,Drama
3335,1954,Crime|Drama
970,1954,Comedy|Drama
1945,1954,Crime|Drama
904,1954,Mystery|Thriller
3486,1954,Sci-Fi
915,1954,Comedy|Romance
2019,1954,Action|Drama
2662,1953,Action|Sci-Fi|War
3779,1953,Sci-Fi
2661,1953,Sci-Fi
916,1953,Comedy|Romance
3196,1953,Drama|War
3871,1953,Drama|Western
3121,1953,Film-Noir
2362,1953,Drama
1944,1953,Drama|Romance|War
2185,1953,Thriller
3404,1953,Action|Drama
2939,1953,Drama|Thriller
935,1953,Comedy|Musical
2087,1953,Animation|Children's|Fantasy|Musical
3229,1952,Crime|Drama
3559,1952,Drama
1070,1952,Adventure
1283,1952,Western
1943,1952,Drama
3207,1952,Adventure
3314,1952,Action|Drama
1226,1952,Comedy|Romance
899,1952,Musical|Romance
2848,1952,Drama
3417,1952,Adventure|Comedy|Sci-Fi
3475,1951,Drama|Romance
3657,1951,Drama
969,1951,Action|Adventure|Romance|War
1104,1951,Drama
2186,1951,Film-Noir|Thriller
3736,1951,Drama
3315,1951,Musical
3406,1951,Action|Adventure|War
1253,1951,Drama|Sci-Fi
2660,1951,Sci-Fi
900,1951,Musical|Romance
1032,1951,Animation|Children's|Musical
3341,1950,Comedy
3364,1950,Crime|Film-Noir
3088,1950,Comedy
2187,1950,Mystery|Thriller
3780,1950,Sci-Fi
922,1950,Film-Noir
3375,1950,Sci-Fi
755,1950,Children's|Drama
2658,1950,Sci-Fi
934,1950,Comedy
926,1950,Drama
1368,1950,Drama
1065,1950,Mystery
1022,1950,Animation|Children's|Musical
3606,1949,Musical
3376,1949,Romance
2200,1949,Drama
963,1949,Musical
1026,1949,Children's|Drama
857,1949,Drama
1212,1949,Mystery|Thriller
1942,1949,Drama
3413,1949,Crime|Drama
2430,1949,Adventure|Children's|Drama
3776,1948,Animation|Children's|Musical
3209,1948,Drama
3778,1948,Comedy|Drama
746,1948,Film-Noir
1941,1948,Drama
1152,1948,Crime|Film-Noir|Thriller
1254,1948,Adventure
1153,1948,Film-Noir
3334,1948,Crime|Drama|Film-Noir|Thriller
3089,1948,Drama
3928,1948,Comedy|Horror
2176,1948,Thriller
964,1947,Western
1154,1947,Film-Noir
3380,1947,Film-Noir
2066,1947,Film-Noir
3759,1947,Animation|Children's|Musical
943,1947,Drama|Romance
1940,1947,Drama
2398,1947,Drama
3349,1947,Comedy
3632,1947,Comedy
925,1947,Adventure|Romance
2201,1947,Drama
1068,1947,Crime|Film-Noir
3656,1947,Crime
930,1946,Film-Noir|Romance|Thriller
960,1946,Crime|Drama
3849,1946,Thriller
770,1946,Drama
2099,1946,Adventure|Animation|Children's|Musical
3775,1946,Animation|Children's|Musical
1284,1946,Film-Noir|Mystery
953,1946,Drama
3792,1946,Western
2927,1946,Drama|Romance
1939,1946,Drama|War
1157,1946,Drama
2940,1946,Film-Noir
3154,1945,Drama|War
3670,1945,War
3599,1945,Comedy|Musical
931,1945,Mystery|Romance|Thriller
2612,1945,Drama
2920,1945,Drama|Romance
2646,1945,Horror
1024,1945,Animation|Children's|Musical
1938,1945,Drama
966,1945,Drama
1337,1945,Horror
1269,1944,Comedy|Mystery|Thriller
3643,1944,Action|Drama|War
3435,1944,Crime|Film-Noir
2202,1944,Drama|Thriller|War
2635,1944,Horror
942,1944,Crime|Film-Noir|Mystery
1069,1944,Film-Noir|Thriller
918,1944,Musical
906,1944,Mystery|Thriller
2636,1944,Horror
2647,1944,Horror
3305,1944,Film-Noir|Horror
1937,1944,Comedy
3936,1943,Drama|Thriller
2203,1943,Film-Noir|Thriller
3377,1943,Drama|War
749,1943,Drama
897,1943,Adventure|War
2651,1943,Horror
3611,1943,Animation|Children's|Comedy
958,1943,Comedy|Mystery
2653,1943,Horror
967,1943,Western
3061,1942,Comedy|Musical
2650,1942,Horror
2018,1942,Animation|Children's
3642,1942,Western
2638,1942,Horror
946,1942,Comedy|Drama|War
912,1942,Drama|Romance|War
2936,1942,Comedy
2204,1942,Thriller
2937,1942,Comedy
1936,1942,Drama|War
1156,1942,Drama
3628,1942,Action|Drama|War
923,1941,Drama
956,1941,Drama|Romance
1935,1941,Drama
2654,1941,Horror
913,1941,Film-Noir|Mystery
3818,1941,Comedy|Musical
2935,1941,Comedy|Romance
2206,1941,Mystery|Thriller
973,1941,Drama
1029,1941,Animation|Children's|Musical
2205,1941,Comedy
928,1940,Romance|Thriller
3870,1940,Drama
3059,1940,Drama
3058,1940,Horror|Sci-Fi
1282,1940,Animation|Children's|Musical
1281,1940,Comedy
3929,1940,Comedy
898,1940,Comedy|Romance
3122,1940,Drama|Romance|Western
941,1940,Adventure
3644,1940,Western
2637,1940,Horror
3170,1940,Western
3097,1940,Comedy|Romance
951,1940,Comedy
3095,1940,Drama
2102,1940,Animation|Children's|Comedy|Musical
929,1940,Thriller
596,1940,Animation|Children's
2847,1939,Drama
2207,1939,Drama
962,1939,Crime|Drama
2649,1939,Horror
917,1939,Children's|Drama
954,1939,Drama
927,1939,Comedy
919,1939,Adventure|Children's|Drama|Musical
920,1939,Drama|Romance|War
936,1939,Comedy|Romance
2899,1939,Adventure|Animation|Children's
1934,1938,Comedy
2208,1938,Comedy|Mystery|Romance|Thriller
940,1938,Action|Adventure
974,1938,Drama|Romance
1099,1938,Drama
955,1938,Comedy
3134,1937,Drama|War
3447,1937,Drama
1067,1937,Comedy|Musical|Romance
975,1937,Comedy|Musical
1933,1937,Drama
944,1937,Drama
3217,1937,Drama
594,1937,Animation|Children's|Musical
2209,1937,Crime|Thriller
3383,1937,Drama|Musical
1066,1937,Comedy|Musical|Romance
947,1936,Comedy
2210,1936,Thriller
961,1936,Drama
3462,1936,Comedy
977,1936,Mystery
3382,1936,Drama
1932,1936,Musical
2211,1936,Thriller
1158,1935,Comedy
1159,1935,Romance
965,1935,Thriller
945,1935,Comedy|Musical|Romance
1340,1935,Horror
1931,1935,Adventure
2212,1934,Thriller
1160,1934,Comedy
3086,1934,Comedy
905,1934,Comedy
959,1934,Drama
907,1934,Comedy|Musical|Romance
950,1934,Mystery
1930,1933,Drama
2366,1933,Action|Adventure|Horror
2213,1933,Comedy|Musical
3139,1933,Action|Adventure
3932,1933,Horror|Sci-Fi
1256,1933,Comedy|War
894,1933,Romance
976,1932,Romance|War
1929,1932,Drama
2904,1932,Drama
2633,1932,Horror|Romance
3739,1932,Comedy|Romance
2215,1932,Comedy|Romance
2214,1932,Thriller
3307,1931,Comedy|Drama|Romance
2648,1931,Horror
3532,1931,Comedy
1928,1931,Western
2644,1931,Horror
1260,1931,Crime|Film-Noir|Thriller
2216,1931,Drama
978,1930,Drama
2219,1930,Mystery|Thriller
3151,1930,Crime|Drama|Mystery
1927,1930,War
3297,1930,Documentary
2218,1930,Drama
2217,1930,Comedy|Musical
2220,1929,Drama
1926,1929,Musical
2221,1929,Thriller
2222,1928,Comedy
2223,1928,Comedy
3306,1928,Comedy
1925,1927,Drama|Romance|War
2225,1927,Drama
3022,1927,Comedy
3023,1927,Comedy|Romance
2224,1927,Drama
2226,1927,Drama
2957,1926,Drama
2010,1926,Sci-Fi
3012,1926,Comedy
2228,1926,Drama
957,1926,Drama
3517,1926,Crime|Drama
3492,1926,Adventure
2227,1926,Thriller
2777,1925,Drama
2229,1925,Drama
3133,1925,Comedy
3232,1925,Comedy
3629,1925,Comedy
3742,1925,Drama|War
3140,1923,Comedy
3641,1923,Drama
2230,1923,Comedy
3195,1922,Drama
1348,1922,Horror
3310,1921,Action
3309,1920,Comedy
3231,1920,Comedy
2823,1919,Action|Drama
3132,1919,Comedy
2821,1919,Adventure|Drama
